Overall rank,Country or region,Score,GDP per capita,Social support,Healthy life expectancy,Freedom to make life choices,Generosity,Perceptions of corruption,Year,Country,Happiness.Rank,Happiness.Score,Whisker.high,Whisker.low,Economy..GDP.per.Capita.,Family,Health..Life.Expectancy.,Freedom,Trust..Government.Corruption.,Dystopia.Residual,Region,Happiness Rank,Happiness Score,Lower Confidence Interval,Upper Confidence Interval,Economy (GDP per Capita),Health (Life Expectancy),Trust (Government Corruption),Dystopia Residual,Standard Error
1.0,Finland,7.632,1.305,1.592,0.874,0.681,0.202,0.393,2018,,,,,,,,,,,,,,,,,,,,,
2.0,Norway,7.594,1.456,1.582,0.861,0.686,0.286,0.34,2018,,,,,,,,,,,,,,,,,,,,,
3.0,Denmark,7.555,1.351,1.59,0.868,0.683,0.284,0.408,2018,,,,,,,,,,,,,,,,,,,,,
4.0,Iceland,7.495,1.343,1.644,0.914,0.677,0.353,0.138,2018,,,,,,,,,,,,,,,,,,,,,
5.0,Switzerland,7.487,1.42,1.549,0.927,0.66,0.256,0.357,2018,,,,,,,,,,,,,,,,,,,,,
6.0,Netherlands,7.441,1.361,1.488,0.878,0.638,0.333,0.295,2018,,,,,,,,,,,,,,,,,,,,,
7.0,Canada,7.328,1.33,1.532,0.896,0.653,0.321,0.291,2018,,,,,,,,,,,,,,,,,,,,,
8.0,New Zealand,7.324,1.268,1.601,0.876,0.669,0.365,0.389,2018,,,,,,,,,,,,,,,,,,,,,
9.0,Sweden,7.314,1.355,1.501,0.913,0.659,0.285,0.383,2018,,,,,,,,,,,,,,,,,,,,,
10.0,Australia,7.272,1.34,1.573,0.91,0.647,0.361,0.302,2018,,,,,,,,,,,,,,,,,,,,,
11.0,United Kingdom,7.19,1.244,1.433,0.888,0.464,0.262,0.082,2018,,,,,,,,,,,,,,,,,,,,,
12.0,Austria,7.139,1.341,1.504,0.891,0.617,0.242,0.224,2018,,,,,,,,,,,,,,,,,,,,,
13.0,Costa Rica,7.072,1.01,1.459,0.817,0.632,0.143,0.101,2018,,,,,,,,,,,,,,,,,,,,,
14.0,Ireland,6.977,1.448,1.583,0.876,0.614,0.307,0.306,2018,,,,,,,,,,,,,,,,,,,,,
15.0,Germany,6.965,1.34,1.474,0.861,0.586,0.273,0.28,2018,,,,,,,,,,,,,,,,,,,,,
16.0,Belgium,6.927,1.324,1.483,0.894,0.583,0.188,0.24,2018,,,,,,,,,,,,,,,,,,,,,
17.0,Luxembourg,6.91,1.576,1.52,0.896,0.632,0.196,0.321,2018,,,,,,,,,,,,,,,,,,,,,
18.0,United States,6.886,1.398,1.471,0.819,0.547,0.291,0.133,2018,,,,,,,,,,,,,,,,,,,,,
19.0,Israel,6.814,1.301,1.559,0.883,0.533,0.354,0.272,2018,,,,,,,,,,,,,,,,,,,,,
20.0,United Arab Emirates,6.774,2.096,0.776,0.67,0.284,0.186,,2018,,,,,,,,,,,,,,,,,,,,,
21.0,Czech Republic,6.711,1.233,1.489,0.854,0.543,0.064,0.034,2018,,,,,,,,,,,,,,,,,,,,,
22.0,Malta,6.627,1.27,1.525,0.884,0.645,0.376,0.142,2018,,,,,,,,,,,,,,,,,,,,,
23.0,France,6.489,1.293,1.466,0.908,0.52,0.098,0.176,2018,,,,,,,,,,,,,,,,,,,,,
24.0,Mexico,6.488,1.038,1.252,0.761,0.479,0.069,0.095,2018,,,,,,,,,,,,,,,,,,,,,
25.0,Chile,6.476,1.131,1.331,0.808,0.431,0.197,0.061,2018,,,,,,,,,,,,,,,,,,,,,
26.0,Taiwan,6.441,1.365,1.436,0.857,0.418,0.151,0.078,2018,,,,,,,,,,,,,,,,,,,,,
27.0,Panama,6.43,1.112,1.438,0.759,0.597,0.125,0.063,2018,,,,,,,,,,,,,,,,,,,,,
28.0,Brazil,6.419,0.986,1.474,0.675,0.493,0.11,0.088,2018,,,,,,,,,,,,,,,,,,,,,
29.0,Argentina,6.388,1.073,1.468,0.744,0.57,0.062,0.054,2018,,,,,,,,,,,,,,,,,,,,,
30.0,Guatemala,6.382,0.781,1.268,0.608,0.604,0.179,0.071,2018,,,,,,,,,,,,,,,,,,,,,
31.0,Uruguay,6.379,1.093,1.459,0.771,0.625,0.13,0.155,2018,,,,,,,,,,,,,,,,,,,,,
32.0,Qatar,6.374,1.649,1.303,0.748,0.654,0.256,0.171,2018,,,,,,,,,,,,,,,,,,,,,
33.0,Saudi Arabia,6.371,1.379,1.331,0.633,0.509,0.098,0.127,2018,,,,,,,,,,,,,,,,,,,,,
34.0,Singapore,6.343,1.529,1.451,1.008,0.631,0.261,0.457,2018,,,,,,,,,,,,,,,,,,,,,
35.0,Malaysia,6.322,1.161,1.258,0.669,0.356,0.311,0.059,2018,,,,,,,,,,,,,,,,,,,,,
36.0,Spain,6.31,1.251,1.538,0.965,0.449,0.142,0.074,2018,,,,,,,,,,,,,,,,,,,,,
37.0,Colombia,6.26,0.96,1.439,0.635,0.531,0.099,0.039,2018,,,,,,,,,,,,,,,,,,,,,
38.0,Trinidad & Tobago,6.192,1.223,1.492,0.564,0.575,0.171,0.019,2018,,,,,,,,,,,,,,,,,,,,,
39.0,Slovakia,6.173,1.21,1.537,0.776,0.354,0.118,0.014,2018,,,,,,,,,,,,,,,,,,,,,
40.0,El Salvador,6.167,0.806,1.231,0.639,0.461,0.065,0.082,2018,,,,,,,,,,,,,,,,,,,,,
41.0,Nicaragua,6.141,0.668,1.319,0.7,0.527,0.208,0.128,2018,,,,,,,,,,,,,,,,,,,,,
42.0,Poland,6.123,1.176,1.448,0.781,0.546,0.108,0.064,2018,,,,,,,,,,,,,,,,,,,,,
43.0,Bahrain,6.105,1.338,1.366,0.698,0.594,0.243,0.123,2018,,,,,,,,,,,,,,,,,,,,,
44.0,Uzbekistan,6.096,0.719,1.584,0.605,0.724,0.328,0.259,2018,,,,,,,,,,,,,,,,,,,,,
45.0,Kuwait,6.083,1.474,1.301,0.675,0.554,0.167,0.106,2018,,,,,,,,,,,,,,,,,,,,,
46.0,Thailand,6.072,1.016,1.417,0.707,0.637,0.364,0.029,2018,,,,,,,,,,,,,,,,,,,,,
47.0,Italy,6.0,1.264,1.501,0.946,0.281,0.137,0.028,2018,,,,,,,,,,,,,,,,,,,,,
48.0,Ecuador,5.973,0.889,1.33,0.736,0.556,0.114,0.12,2018,,,,,,,,,,,,,,,,,,,,,
49.0,Belize,5.956,0.807,1.101,0.474,0.593,0.183,0.089,2018,,,,,,,,,,,,,,,,,,,,,
50.0,Lithuania,5.952,1.197,1.527,0.716,0.35,0.026,0.006,2018,,,,,,,,,,,,,,,,,,,,,
51.0,Slovenia,5.948,1.219,1.506,0.856,0.633,0.16,0.051,2018,,,,,,,,,,,,,,,,,,,,,
52.0,Romania,5.945,1.116,1.219,0.726,0.528,0.088,0.001,2018,,,,,,,,,,,,,,,,,,,,,
53.0,Latvia,5.933,1.148,1.454,0.671,0.363,0.092,0.066,2018,,,,,,,,,,,,,,,,,,,,,
54.0,Japan,5.915,1.294,1.462,0.988,0.553,0.079,0.15,2018,,,,,,,,,,,,,,,,,,,,,
55.0,Mauritius,5.891,1.09,1.387,0.684,0.584,0.245,0.05,2018,,,,,,,,,,,,,,,,,,,,,
56.0,Jamaica,5.89,0.819,1.493,0.693,0.575,0.096,0.031,2018,,,,,,,,,,,,,,,,,,,,,
57.0,South Korea,5.875,1.266,1.204,0.955,0.244,0.175,0.051,2018,,,,,,,,,,,,,,,,,,,,,
58.0,Northern Cyprus,5.835,1.229,1.211,0.909,0.495,0.179,0.154,2018,,,,,,,,,,,,,,,,,,,,,
59.0,Russia,5.81,1.151,1.479,0.599,0.399,0.065,0.025,2018,,,,,,,,,,,,,,,,,,,,,
60.0,Kazakhstan,5.79,1.143,1.516,0.631,0.454,0.148,0.121,2018,,,,,,,,,,,,,,,,,,,,,
61.0,Cyprus,5.762,1.229,1.191,0.909,0.423,0.202,0.035,2018,,,,,,,,,,,,,,,,,,,,,
62.0,Bolivia,5.752,0.751,1.223,0.508,0.606,0.141,0.054,2018,,,,,,,,,,,,,,,,,,,,,
63.0,Estonia,5.739,1.2,1.532,0.737,0.553,0.086,0.174,2018,,,,,,,,,,,,,,,,,,,,,
64.0,Paraguay,5.681,0.835,1.522,0.615,0.541,0.162,0.074,2018,,,,,,,,,,,,,,,,,,,,,
65.0,Peru,5.663,0.934,1.249,0.674,0.53,0.092,0.034,2018,,,,,,,,,,,,,,,,,,,,,
66.0,Kosovo,5.662,0.855,1.23,0.578,0.448,0.274,0.023,2018,,,,,,,,,,,,,,,,,,,,,
67.0,Moldova,5.64,0.657,1.301,0.62,0.232,0.171,0.0,2018,,,,,,,,,,,,,,,,,,,,,
68.0,Turkmenistan,5.636,1.016,1.533,0.517,0.417,0.199,0.037,2018,,,,,,,,,,,,,,,,,,,,,
69.0,Hungary,5.62,1.171,1.401,0.732,0.259,0.061,0.022,2018,,,,,,,,,,,,,,,,,,,,,
70.0,Libya,5.566,0.985,1.35,0.553,0.496,0.116,0.148,2018,,,,,,,,,,,,,,,,,,,,,
71.0,Philippines,5.524,0.775,1.312,0.513,0.643,0.12,0.105,2018,,,,,,,,,,,,,,,,,,,,,
72.0,Honduras,5.504,0.62,1.205,0.622,0.459,0.197,0.074,2018,,,,,,,,,,,,,,,,,,,,,
73.0,Belarus,5.483,1.039,1.498,0.7,0.307,0.101,0.154,2018,,,,,,,,,,,,,,,,,,,,,
74.0,Turkey,5.483,1.148,1.38,0.686,0.324,0.106,0.109,2018,,,,,,,,,,,,,,,,,,,,,
75.0,Pakistan,5.472,0.652,0.81,0.424,0.334,0.216,0.113,2018,,,,,,,,,,,,,,,,,,,,,
76.0,Hong Kong,5.43,1.405,1.29,1.03,0.524,0.246,0.291,2018,,,,,,,,,,,,,,,,,,,,,
77.0,Portugal,5.41,1.188,1.429,0.884,0.562,0.055,0.017,2018,,,,,,,,,,,,,,,,,,,,,
78.0,Serbia,5.398,0.975,1.369,0.685,0.288,0.134,0.043,2018,,,,,,,,,,,,,,,,,,,,,
79.0,Greece,5.358,1.154,1.202,0.879,0.131,0.0,0.044,2018,,,,,,,,,,,,,,,,,,,,,
80.0,Lebanon,5.358,0.965,1.179,0.785,0.503,0.214,0.136,2018,,,,,,,,,,,,,,,,,,,,,
81.0,Montenegro,5.347,1.017,1.279,0.729,0.259,0.111,0.081,2018,,,,,,,,,,,,,,,,,,,,,
82.0,Croatia,5.321,1.115,1.161,0.737,0.38,0.12,0.039,2018,,,,,,,,,,,,,,,,,,,,,
83.0,Dominican Republic,5.302,0.982,1.441,0.614,0.578,0.12,0.106,2018,,,,,,,,,,,,,,,,,,,,,
84.0,Algeria,5.295,0.979,1.154,0.687,0.077,0.055,0.135,2018,,,,,,,,,,,,,,,,,,,,,
85.0,Morocco,5.254,0.779,0.797,0.669,0.46,0.026,0.074,2018,,,,,,,,,,,,,,,,,,,,,
86.0,China,5.246,0.989,1.142,0.799,0.597,0.029,0.103,2018,,,,,,,,,,,,,,,,,,,,,
87.0,Azerbaijan,5.201,1.024,1.161,0.603,0.43,0.031,0.176,2018,,,,,,,,,,,,,,,,,,,,,
88.0,Tajikistan,5.199,0.474,1.166,0.598,0.292,0.187,0.034,2018,,,,,,,,,,,,,,,,,,,,,
89.0,Macedonia,5.185,0.959,1.239,0.691,0.394,0.173,0.052,2018,,,,,,,,,,,,,,,,,,,,,
90.0,Jordan,5.161,0.822,1.265,0.645,0.468,0.13,0.134,2018,,,,,,,,,,,,,,,,,,,,,
91.0,Nigeria,5.155,0.689,1.172,0.048,0.462,0.201,0.032,2018,,,,,,,,,,,,,,,,,,,,,
92.0,Kyrgyzstan,5.131,0.53,1.416,0.594,0.54,0.281,0.035,2018,,,,,,,,,,,,,,,,,,,,,
93.0,Bosnia and Herzegovina,5.129,0.915,1.078,0.758,0.28,0.216,0.0,2018,,,,,,,,,,,,,,,,,,,,,
94.0,Mongolia,5.125,0.914,1.517,0.575,0.395,0.253,0.032,2018,,,,,,,,,,,,,,,,,,,,,
95.0,Vietnam,5.103,0.715,1.365,0.702,0.618,0.177,0.079,2018,,,,,,,,,,,,,,,,,,,,,
96.0,Indonesia,5.093,0.899,1.215,0.522,0.538,0.484,0.018,2018,,,,,,,,,,,,,,,,,,,,,
97.0,Bhutan,5.082,0.796,1.335,0.527,0.541,0.364,0.171,2018,,,,,,,,,,,,,,,,,,,,,
98.0,Somalia,4.982,0.0,0.712,0.115,0.674,0.238,0.282,2018,,,,,,,,,,,,,,,,,,,,,
99.0,Cameroon,4.975,0.535,0.891,0.182,0.454,0.183,0.043,2018,,,,,,,,,,,,,,,,,,,,,
100.0,Bulgaria,4.933,1.054,1.515,0.712,0.359,0.064,0.009,2018,,,,,,,,,,,,,,,,,,,,,
101.0,Nepal,4.88,0.425,1.228,0.539,0.526,0.302,0.078,2018,,,,,,,,,,,,,,,,,,,,,
102.0,Venezuela,4.806,0.996,1.469,0.657,0.133,0.056,0.052,2018,,,,,,,,,,,,,,,,,,,,,
103.0,Gabon,4.758,1.036,1.164,0.404,0.356,0.032,0.052,2018,,,,,,,,,,,,,,,,,,,,,
104.0,Palestinian Territories,4.743,0.642,1.217,0.602,0.266,0.086,0.076,2018,,,,,,,,,,,,,,,,,,,,,
105.0,South Africa,4.724,0.94,1.41,0.33,0.516,0.103,0.056,2018,,,,,,,,,,,,,,,,,,,,,
106.0,Iran,4.707,1.059,0.771,0.691,0.459,0.282,0.129,2018,,,,,,,,,,,,,,,,,,,,,
107.0,Ivory Coast,4.671,0.541,0.872,0.08,0.467,0.146,0.103,2018,,,,,,,,,,,,,,,,,,,,,
108.0,Ghana,4.657,0.592,0.896,0.337,0.499,0.212,0.029,2018,,,,,,,,,,,,,,,,,,,,,
109.0,Senegal,4.631,0.429,1.117,0.433,0.406,0.138,0.082,2018,,,,,,,,,,,,,,,,,,,,,
110.0,Laos,4.623,0.72,1.034,0.441,0.626,0.23,0.174,2018,,,,,,,,,,,,,,,,,,,,,
111.0,Tunisia,4.592,0.9,0.906,0.69,0.271,0.04,0.063,2018,,,,,,,,,,,,,,,,,,,,,
112.0,Albania,4.586,0.916,0.817,0.79,0.419,0.149,0.032,2018,,,,,,,,,,,,,,,,,,,,,
113.0,Sierra Leone,4.571,0.256,0.813,0.0,0.355,0.238,0.053,2018,,,,,,,,,,,,,,,,,,,,,
114.0,Congo (Brazzaville),4.559,0.682,0.811,0.343,0.514,0.091,0.077,2018,,,,,,,,,,,,,,,,,,,,,
115.0,Bangladesh,4.5,0.532,0.85,0.579,0.58,0.153,0.144,2018,,,,,,,,,,,,,,,,,,,,,
116.0,Sri Lanka,4.471,0.918,1.314,0.672,0.585,0.307,0.05,2018,,,,,,,,,,,,,,,,,,,,,
117.0,Iraq,4.456,1.01,0.971,0.536,0.304,0.148,0.095,2018,,,,,,,,,,,,,,,,,,,,,
118.0,Mali,4.447,0.37,1.233,0.152,0.367,0.139,0.056,2018,,,,,,,,,,,,,,,,,,,,,
119.0,Namibia,4.441,0.874,1.281,0.365,0.519,0.051,0.064,2018,,,,,,,,,,,,,,,,,,,,,
120.0,Cambodia,4.433,0.549,1.088,0.457,0.696,0.256,0.065,2018,,,,,,,,,,,,,,,,,,,,,
121.0,Burkina Faso,4.424,0.314,1.097,0.254,0.312,0.175,0.128,2018,,,,,,,,,,,,,,,,,,,,,
122.0,Egypt,4.419,0.885,1.025,0.553,0.312,0.092,0.107,2018,,,,,,,,,,,,,,,,,,,,,
123.0,Mozambique,4.417,0.198,0.902,0.173,0.531,0.206,0.158,2018,,,,,,,,,,,,,,,,,,,,,
124.0,Kenya,4.41,0.493,1.048,0.454,0.504,0.352,0.055,2018,,,,,,,,,,,,,,,,,,,,,
125.0,Zambia,4.377,0.562,1.047,0.295,0.503,0.221,0.082,2018,,,,,,,,,,,,,,,,,,,,,
126.0,Mauritania,4.356,0.557,1.245,0.292,0.129,0.134,0.093,2018,,,,,,,,,,,,,,,,,,,,,
127.0,Ethiopia,4.35,0.308,0.95,0.391,0.452,0.22,0.146,2018,,,,,,,,,,,,,,,,,,,,,
128.0,Georgia,4.34,0.853,0.592,0.643,0.375,0.038,0.215,2018,,,,,,,,,,,,,,,,,,,,,
129.0,Armenia,4.321,0.816,0.99,0.666,0.26,0.077,0.028,2018,,,,,,,,,,,,,,,,,,,,,
130.0,Myanmar,4.308,0.682,1.174,0.429,0.58,0.598,0.178,2018,,,,,,,,,,,,,,,,,,,,,
131.0,Chad,4.301,0.358,0.907,0.053,0.189,0.181,0.06,2018,,,,,,,,,,,,,,,,,,,,,
132.0,Congo (Kinshasa),4.245,0.069,1.136,0.204,0.312,0.197,0.052,2018,,,,,,,,,,,,,,,,,,,,,
133.0,India,4.19,0.721,0.747,0.485,0.539,0.172,0.093,2018,,,,,,,,,,,,,,,,,,,,,
134.0,Niger,4.166,0.131,0.867,0.221,0.39,0.175,0.099,2018,,,,,,,,,,,,,,,,,,,,,
135.0,Uganda,4.161,0.322,1.09,0.237,0.45,0.259,0.061,2018,,,,,,,,,,,,,,,,,,,,,
136.0,Benin,4.141,0.378,0.372,0.24,0.44,0.163,0.067,2018,,,,,,,,,,,,,,,,,,,,,
137.0,Sudan,4.139,0.605,1.24,0.312,0.016,0.134,0.082,2018,,,,,,,,,,,,,,,,,,,,,
138.0,Ukraine,4.103,0.793,1.413,0.609,0.163,0.187,0.011,2018,,,,,,,,,,,,,,,,,,,,,
139.0,Togo,3.999,0.259,0.474,0.253,0.434,0.158,0.101,2018,,,,,,,,,,,,,,,,,,,,,
140.0,Guinea,3.964,0.344,0.792,0.211,0.394,0.185,0.094,2018,,,,,,,,,,,,,,,,,,,,,
141.0,Lesotho,3.808,0.472,1.215,0.079,0.423,0.116,0.112,2018,,,,,,,,,,,,,,,,,,,,,
142.0,Angola,3.795,0.73,1.125,0.269,0.0,0.079,0.061,2018,,,,,,,,,,,,,,,,,,,,,
143.0,Madagascar,3.774,0.262,0.908,0.402,0.221,0.155,0.049,2018,,,,,,,,,,,,,,,,,,,,,
144.0,Zimbabwe,3.692,0.357,1.094,0.248,0.406,0.132,0.099,2018,,,,,,,,,,,,,,,,,,,,,
145.0,Afghanistan,3.632,0.332,0.537,0.255,0.085,0.191,0.036,2018,,,,,,,,,,,,,,,,,,,,,
146.0,Botswana,3.59,1.017,1.174,0.417,0.557,0.042,0.092,2018,,,,,,,,,,,,,,,,,,,,,
147.0,Malawi,3.587,0.186,0.541,0.306,0.531,0.21,0.08,2018,,,,,,,,,,,,,,,,,,,,,
148.0,Haiti,3.582,0.315,0.714,0.289,0.025,0.392,0.104,2018,,,,,,,,,,,,,,,,,,,,,
149.0,Liberia,3.495,0.076,0.858,0.267,0.419,0.206,0.03,2018,,,,,,,,,,,,,,,,,,,,,
150.0,Syria,3.462,0.689,0.382,0.539,0.088,0.376,0.144,2018,,,,,,,,,,,,,,,,,,,,,
151.0,Rwanda,3.408,0.332,0.896,0.4,0.636,0.2,0.444,2018,,,,,,,,,,,,,,,,,,,,,
152.0,Yemen,3.355,0.442,1.073,0.343,0.244,0.083,0.064,2018,,,,,,,,,,,,,,,,,,,,,
153.0,Tanzania,3.303,0.455,0.991,0.381,0.481,0.27,0.097,2018,,,,,,,,,,,,,,,,,,,,,
154.0,South Sudan,3.254,0.337,0.608,0.177,0.112,0.224,0.106,2018,,,,,,,,,,,,,,,,,,,,,
155.0,Central African Republic,3.083,0.024,0.0,0.01,0.305,0.218,0.038,2018,,,,,,,,,,,,,,,,,,,,,
156.0,Burundi,2.905,0.091,0.627,0.145,0.065,0.149,0.076,2018,,,,,,,,,,,,,,,,,,,,,
,,,,,,,0.36201223731041,,2017,Norway,1.0,7.53700017929077,7.59444482058287,7.47955553799868,1.61646318435669,1.53352355957031,0.796666502952576,0.635422587394714,0.315963834524155,2.27702665328979,,,,,,,,,,
,,,,,,,0.355280488729477,,2017,Denmark,2.0,7.52199983596802,7.58172806486487,7.46227160707116,1.48238301277161,1.55112159252167,0.792565524578094,0.626006722450256,0.40077006816864,2.31370735168457,,,,,,,,,,
,,,,,,,0.475540220737457,,2017,Iceland,3.0,7.50400018692017,7.62203047305346,7.38596990078688,1.480633020401,1.6105740070343,0.833552122116089,0.627162635326385,0.153526559472084,2.32271528244019,,,,,,,,,,
,,,,,,,0.290549278259277,,2017,Switzerland,4.0,7.49399995803833,7.56177242040634,7.42622749567032,1.56497955322266,1.51691174507141,0.858131289482117,0.620070576667786,0.367007285356522,2.2767162322998,,,,,,,,,,
,,,,,,,0.24548277258873,,2017,Finland,5.0,7.4689998626709,7.52754207581282,7.41045764952898,1.44357192516327,1.5402467250824,0.80915766954422,0.617950856685638,0.38261154294014,2.4301815032959,,,,,,,,,,
,,,,,,,0.470489829778671,,2017,Netherlands,6.0,7.3769998550415,7.42742584124207,7.32657386884093,1.50394463539124,1.42893922328949,0.810696125030518,0.585384488105774,0.282661825418472,2.29480409622192,,,,,,,,,,
,,,,,,,0.435539722442627,,2017,Canada,7.0,7.31599998474121,7.38440283536911,7.24759713411331,1.47920441627502,1.48134899139404,0.83455765247345,0.611100912094116,0.287371516227722,2.18726444244385,,,,,,,,,,
,,,,,,,0.500005125999451,,2017,New Zealand,8.0,7.31400012969971,7.3795104418695,7.24848981752992,1.40570604801178,1.54819512367249,0.816759705543518,0.614062130451202,0.382816702127457,2.0464563369751,,,,,,,,,,
,,,,,,,0.385399252176285,,2017,Sweden,9.0,7.28399991989136,7.34409487739205,7.22390496239066,1.49438726902008,1.47816216945648,0.830875158309937,0.612924098968506,0.384398728609085,2.09753799438477,,,,,,,,,,
,,,,,,,0.477699249982834,,2017,Australia,10.0,7.28399991989136,7.35665122494102,7.2113486148417,1.484414935112,1.51004195213318,0.84388679265976,0.601607382297516,0.301183730363846,2.06521081924438,,,,,,,,,,
,,,,,,,0.330082654953003,,2017,Israel,11.0,7.21299982070923,7.27985325649381,7.14614638492465,1.37538242340088,1.37628996372223,0.83840399980545,0.405988603830338,0.0852421000599861,2.80175733566284,,,,,,,,,,
,,,,,,,0.214613229036331,,2017,Costa Rica,12.0,7.0789999961853,7.16811166629195,6.98988832607865,1.10970628261566,1.41640365123749,0.759509265422821,0.580131649971008,0.100106589496136,2.89863920211792,,,,,,,,,,
,,,,,,,0.316472321748734,,2017,Austria,13.0,7.00600004196167,7.07066981211305,6.94133027181029,1.48709726333618,1.4599449634552,0.815328419208527,0.567766189575195,0.221060365438461,2.1385064125061,,,,,,,,,,
,,,,,,,0.392578780651093,,2017,United States,14.0,6.99300003051758,7.07465674757957,6.91134331345558,1.54625928401947,1.41992056369781,0.77428662776947,0.505740523338318,0.135638788342476,2.2181134223938,,,,,,,,,,
,,,,,,,0.42785832285881,,2017,Ireland,15.0,6.97700023651123,7.04335166752338,6.91064880549908,1.53570663928986,1.55823111534119,0.80978262424469,0.573110342025757,0.29838815331459,1.77386903762817,,,,,,,,,,
,,,,,,,0.336269170045853,,2017,Germany,16.0,6.95100021362305,7.00538156926632,6.89661885797977,1.48792338371277,1.47252035140991,0.798950731754303,0.562511384487152,0.276731938123703,2.01576995849609,,,,,,,,,,
,,,,,,,0.231503337621689,,2017,Belgium,17.0,6.89099979400635,6.95582075044513,6.82617883756757,1.46378076076508,1.46231269836426,0.818091869354248,0.539770722389221,0.251343131065369,2.12421035766602,,,,,,,,,,
,,,,,,,0.283180981874466,,2017,Luxembourg,18.0,6.86299991607666,6.92368609987199,6.80231373228133,1.74194359779358,1.45758366584778,0.845089495182037,0.59662789106369,0.31883442401886,1.61951208114624,,,,,,,,,,
,,,,,,,0.492774158716202,,2017,United Kingdom,19.0,6.71400022506714,6.78379176110029,6.64420868903399,1.44163393974304,1.49646008014679,0.805335938930511,0.508190035820007,0.265428066253662,1.70414352416992,,,,,,,,,,
,,,,,,,0.326662421226501,,2017,Chile,20.0,6.65199995040894,6.73925056010485,6.56474934071302,1.25278460979462,1.28402495384216,0.819479703903198,0.376895278692245,0.0822879821062088,2.50958585739136,,,,,,,,,,
,,,,,,,0.3609419465065,,2017,United Arab Emirates,21.0,6.64799976348877,6.72204730376601,6.57395222321153,1.62634336948395,1.26641023159027,0.726798236370087,0.60834527015686,0.324489563703537,1.734703540802,,,,,,,,,,
,,,,,,,0.16234989464283,,2017,Brazil,22.0,6.63500022888184,6.72546950161457,6.5445309561491,1.10735321044922,1.43130600452423,0.616552352905273,0.437453746795654,0.111092761158943,2.76926708221436,,,,,,,,,,
,,,,,,,0.0881067588925362,,2017,Czech Republic,23.0,6.60900020599365,6.68386246263981,6.5341379493475,1.35268235206604,1.43388521671295,0.754444003105164,0.490946173667908,0.0368729270994663,2.45186185836792,,,,,,,,,,
,,,,,,,0.109457060694695,,2017,Argentina,24.0,6.59899997711182,6.69008508607745,6.50791486814618,1.18529546260834,1.44045114517212,0.695137083530426,0.494519203901291,0.059739887714386,2.61400532722473,,,,,,,,,,
,,,,,,,0.120990432798862,,2017,Mexico,25.0,6.57800006866455,6.67114890769124,6.48485122963786,1.15318381786346,1.210862159729,0.709978997707367,0.412730008363724,0.132774114608765,2.83715486526489,,,,,,,,,,
,,,,,,,0.345965981483459,,2017,Singapore,26.0,6.57200002670288,6.63672306910157,6.50727698430419,1.69227766990662,1.35381436347961,0.949492394924164,0.549840569496155,0.46430778503418,1.21636199951172,,,,,,,,,,
,,,,,,,0.574730575084686,,2017,Malta,27.0,6.52699995040894,6.59839677289128,6.45560312792659,1.34327983856201,1.48841166496277,0.821944236755371,0.588767051696777,0.153066068887711,1.55686283111572,,,,,,,,,,
,,,,,,,0.175096929073334,,2017,Uruguay,28.0,6.4539999961853,6.54590621769428,6.36209377467632,1.21755969524384,1.41222786903381,0.719216823577881,0.57939225435257,0.178061872720718,2.17240953445435,,,,,,,,,,
,,,,,,,0.283488392829895,,2017,Guatemala,29.0,6.4539999961853,6.56687397271395,6.34112601965666,0.872001945972443,1.25558519363403,0.540239989757538,0.531310617923737,0.0772232785820961,2.89389109611511,,,,,,,,,,
,,,,,,,0.21055693924427,,2017,Panama,30.0,6.4520001411438,6.55713071614504,6.34686956614256,1.23374843597412,1.37319254875183,0.706156134605408,0.550026834011078,0.070983923971653,2.30719995498657,,,,,,,,,,
,,,,,,,0.129762306809425,,2017,France,31.0,6.44199991226196,6.51576780244708,6.36823202207685,1.43092346191406,1.38777685165405,0.844465851783752,0.470222115516663,0.172502428293228,2.00595474243164,,,,,,,,,,
,,,,,,,0.572123110294342,,2017,Thailand,32.0,6.42399978637695,6.50911685571074,6.33888271704316,1.12786877155304,1.42579245567322,0.647239029407501,0.580200731754303,0.0316127352416515,2.03950834274292,,,,,,,,,,
,,,,,,,0.258360475301743,,2017,Taiwan Province of China,33.0,6.42199993133545,6.49459602192044,6.34940384075046,1.43362653255463,1.38456535339355,0.793984234333038,0.361466586589813,0.0638292357325554,2.1266074180603,,,,,,,,,,
,,,,,,,0.190133571624756,,2017,Spain,34.0,6.40299987792969,6.4710548453033,6.33494491055608,1.38439786434174,1.53209090232849,0.888960599899292,0.408781230449677,0.0709140971302986,1.92775774002075,,,,,,,,,,
,,,,,,,0.330473870038986,,2017,Qatar,35.0,6.375,6.56847681432962,6.18152318567038,1.87076568603516,1.27429687976837,0.710098087787628,0.604130983352661,0.439299255609512,1.1454644203186,,,,,,,,,,
,,,,,,,0.149014472961426,,2017,Colombia,36.0,6.35699987411499,6.45202005416155,6.26197969406843,1.07062232494354,1.4021829366684,0.595027923583984,0.477487415075302,0.0466687418520451,2.61606812477112,,,,,,,,,,
,,,,,,,0.147616013884544,,2017,Saudi Arabia,37.0,6.3439998626709,6.44416661202908,6.24383311331272,1.53062355518341,1.28667759895325,0.590148329734802,0.449750572443008,0.27343225479126,2.0654296875,,,,,,,,,,
,,,,,,,0.325296461582184,,2017,Trinidad and Tobago,38.0,6.16800022125244,6.38153389066458,5.95446655184031,1.36135590076447,1.3802285194397,0.519983291625977,0.518630743026733,0.0089648161083459,2.05324745178223,,,,,,,,,,
,,,,,,,0.228289797902107,,2017,Kuwait,39.0,6.10500001907349,6.1919569888711,6.01804304927588,1.63295245170593,1.25969874858856,0.632105708122253,0.496337592601776,0.215159550309181,1.64042520523071,,,,,,,,,,
,,,,,,,0.136544480919838,,2017,Slovakia,40.0,6.09800004959106,6.1773484121263,6.01865168705583,1.32539355754852,1.50505924224854,0.712732911109924,0.295817464590073,0.0242108516395092,2.09777665138245,,,,,,,,,,
,,,,,,,0.172668486833572,,2017,Bahrain,41.0,6.08699989318848,6.17898906782269,5.99501071855426,1.48841226100922,1.32311046123505,0.653133034706116,0.536746919155121,0.257042169570923,1.65614938735962,,,,,,,,,,
,,,,,,,0.416608929634094,,2017,Malaysia,42.0,6.08400011062622,6.17997963652015,5.98802058473229,1.29121541976929,1.28464603424072,0.618784427642822,0.402264982461929,0.0656007081270218,2.00444889068604,,,,,,,,,,
,,,,,,,0.301674216985703,,2017,Nicaragua,43.0,6.07100009918213,6.18658360034227,5.95541659802198,0.737299203872681,1.28721570968628,0.653095960617065,0.447551846504211,0.130687981843948,2.51393055915833,,,,,,,,,,
,,,,,,,0.150112465023994,,2017,Ecuador,44.0,6.00799989700317,6.10584767535329,5.91015211865306,1.00082039833069,1.28616881370544,0.685636222362518,0.4551981985569,0.140134647488594,2.29035258293152,,,,,,,,,,
,,,,,,,0.0782579854130745,,2017,El Salvador,45.0,6.00299978256226,6.108635122329,5.89736444279552,0.909784495830536,1.18212509155273,0.596018552780151,0.432452529668808,0.0899809598922729,2.7145938873291,,,,,,,,,,
,,,,,,,0.158465966582298,,2017,Poland,46.0,5.97300004959106,6.05390834122896,5.89209175795317,1.29178786277771,1.44571197032928,0.699475347995758,0.520342111587524,0.0593078061938286,1.79772281646729,,,,,,,,,,
,,,,,,,0.415983647108078,,2017,Uzbekistan,47.0,5.97100019454956,6.06553757295012,5.876462816149,0.786441087722778,1.54896914958954,0.498272627592087,0.658248662948608,0.246528223156929,1.81691360473633,,,,,,,,,,
,,,,,,,0.17278964817524,,2017,Italy,48.0,5.96400022506714,6.04273690596223,5.88526354417205,1.39506661891937,1.44492328166962,0.853144347667694,0.256450712680817,0.0280280914157629,1.81331205368042,,,,,,,,,,
,,,,,,,0.0522638224065304,,2017,Russia,49.0,5.96299982070923,6.03027490749955,5.89572473391891,1.28177809715271,1.46928238868713,0.547349333763123,0.373783111572266,0.0329628810286522,2.20560741424561,,,,,,,,,,
,,,,,,,0.240015640854836,,2017,Belize,50.0,5.95599985122681,6.19724231779575,5.71475738465786,0.907975316047668,1.08141779899597,0.450191766023636,0.547509372234344,0.0965810716152191,2.63195562362671,,,,,,,,,,
,,,,,,,0.12057276815176,,2017,Japan,51.0,5.92000007629395,5.99071944460273,5.84928070798516,1.41691517829895,1.43633782863617,0.913475871086121,0.505625545978546,0.163760736584663,1.36322355270386,,,,,,,,,,
,,,,,,,0.010164656676352,,2017,Lithuania,52.0,5.90199995040894,5.98266964137554,5.82133025944233,1.31458234786987,1.47351610660553,0.62894994020462,0.234231784939766,0.0118656428530812,2.22844052314758,,,,,,,,,,
,,,,,,,0.0694366469979286,,2017,Algeria,53.0,5.87200021743774,5.97828643366694,5.76571400120854,1.09186446666718,1.1462174654007,0.617584645748138,0.233335807919502,0.146096110343933,2.56760382652283,,,,,,,,,,
,,,,,,,0.153074786067009,,2017,Latvia,54.0,5.84999990463257,5.92026353821158,5.77973627105355,1.26074862480164,1.40471494197845,0.638566970825195,0.325707912445068,0.0738427266478539,1.99365520477295,,,,,,,,,,
,,,,,,,0.206674367189407,,2017,South Korea,55.0,5.83799982070923,5.92255902826786,5.7534406131506,1.40167844295502,1.12827444076538,0.900214076042175,0.257921665906906,0.0632826685905457,1.88037800788879,,,,,,,,,,
,,,,,,,0.208779126405716,,2017,Moldova,56.0,5.83799982070923,5.90837083846331,5.76762880295515,0.728870630264282,1.25182557106018,0.589465200901031,0.240729048848152,0.0100912861526012,2.80780839920044,,,,,,,,,,
,,,,,,,0.133519917726517,,2017,Romania,57.0,5.82499980926514,5.91969415679574,5.73030546173453,1.21768391132355,1.15009129047394,0.685158312320709,0.457003742456436,0.00438790069893,2.17683148384094,,,,,,,,,,
,,,,,,,0.22556072473526,,2017,Bolivia,58.0,5.82299995422363,5.9039769025147,5.74202300593257,0.833756566047668,1.22761905193329,0.473630249500275,0.558732926845551,0.0604777261614799,2.44327902793884,,,,,,,,,,
,,,,,,,0.24992498755455,,2017,Turkmenistan,59.0,5.82200002670288,5.88518087550998,5.75881917789578,1.13077676296234,1.49314916133881,0.437726080417633,0.41827192902565,0.259270340204239,1.83290982246399,,,,,,,,,,
,,,,,,,0.201964423060417,,2017,Kazakhstan,60.0,5.81899976730347,5.90364177465439,5.73435775995255,1.28455626964569,1.38436901569366,0.606041550636292,0.437454283237457,0.119282886385918,1.78489255905151,,,,,,,,,,
,,,,,,,0.266845703125,,2017,North Cyprus,61.0,5.80999994277954,5.89736646488309,5.72263342067599,1.3469113111496,1.18630337715149,0.834647238254547,0.471203625202179,0.155353352427483,1.54915761947632,,,,,,,,,,
,,,,,,,0.242649093270302,,2017,Slovenia,62.0,5.75799989700317,5.84222516000271,5.67377463400364,1.3412059545517,1.45251882076263,0.790828227996826,0.572575807571411,0.0451289787888527,1.31331729888916,,,,,,,,,,
,,,,,,,0.126819714903831,,2017,Peru,63.0,5.71500015258789,5.81194677859545,5.61805352658033,1.03522527217865,1.21877038478851,0.630166113376617,0.450002878904343,0.0470490865409374,2.20726943016052,,,,,,,,,,
,,,,,,,0.360933750867844,,2017,Mauritius,64.0,5.62900018692017,5.72986219167709,5.52813818216324,1.18939554691315,1.20956099033356,0.638007462024689,0.491247326135635,0.0421815551817417,1.6975839138031,,,,,,,,,,
,,,,,,,0.271254301071167,,2017,Cyprus,65.0,5.62099981307983,5.71469269931316,5.5273069268465,1.35593807697296,1.13136327266693,0.84471470117569,0.355111539363861,0.0412379764020443,1.62124919891357,,,,,,,,,,
,,,,,,,0.0988908112049103,,2017,Estonia,66.0,5.61100006103516,5.68813987419009,5.53386024788022,1.32087934017181,1.47667109966278,0.695168316364288,0.479131430387497,0.183248922228813,1.35750865936279,,,,,,,,,,
,,,,,,,0.15513750910759,,2017,Belarus,67.0,5.56899976730347,5.64611424401402,5.49188529059291,1.15655755996704,1.44494521617889,0.637714266777039,0.295400261878967,0.156313821673393,1.72323298454285,,,,,,,,,,
,,,,,,,0.152073666453362,,2017,Libya,68.0,5.52500009536743,5.67695380687714,5.37304638385773,1.10180306434631,1.35756433010101,0.520169019699097,0.465733230113983,0.0926102101802826,1.83501124382019,,,,,,,,,,
,,,,,,,0.0466930419206619,,2017,Turkey,69.0,5.5,5.59486496329308,5.40513503670692,1.19827437400818,1.33775317668915,0.637605607509613,0.300740599632263,0.0996715798974037,1.87927794456482,,,,,,,,,,
,,,,,,,0.224150657653809,,2017,Paraguay,70.0,5.49300003051758,5.57738126963377,5.40861879140139,0.932537317276001,1.50728487968445,0.579250693321228,0.473507791757584,0.091065913438797,1.6853334903717,,,,,,,,,,
,,,,,,,0.374465793371201,,2017,"Hong Kong S.A.R., China",71.0,5.47200012207031,5.54959417313337,5.39440607100725,1.55167484283447,1.26279091835022,0.943062424659729,0.490968644618988,0.293933749198914,0.554633140563965,,,,,,,,,,
,,,,,,,0.193513423204422,,2017,Philippines,72.0,5.42999982833862,5.54533505424857,5.31466460242867,0.85769921541214,1.25391757488251,0.468009054660797,0.585214674472809,0.0993318930268288,1.97260475158691,,,,,,,,,,
,,,,,,,0.220125883817673,,2017,Serbia,73.0,5.39499998092651,5.49156965613365,5.29843030571938,1.06931757926941,1.25818979740143,0.65078467130661,0.208715528249741,0.0409037806093693,1.94708442687988,,,,,,,,,,
,,,,,,,0.172170460224152,,2017,Jordan,74.0,5.33599996566772,5.44841002240777,5.22358990892768,0.991012394428253,1.23908889293671,0.604590058326721,0.418421149253845,0.11980327218771,1.79117655754089,,,,,,,,,,
,,,,,,,0.0784016624093056,,2017,Hungary,75.0,5.32399988174438,5.40303970918059,5.24496005430818,1.2860119342804,1.34313309192657,0.687763452529907,0.175863519310951,0.0366369374096394,1.71645927429199,,,,,,,,,,
,,,,,,,0.233818337321281,,2017,Jamaica,76.0,5.31099987030029,5.58139872848988,5.04060101211071,0.925579309463501,1.36821806430817,0.641022384166718,0.474307239055634,0.0552677810192108,1.61232566833496,,,,,,,,,,
,,,,,,,0.248002976179123,,2017,Croatia,77.0,5.29300022125244,5.39177720457315,5.19422323793173,1.22255623340607,0.96798300743103,0.701288521289825,0.255772292613983,0.0431031100451946,1.85449242591858,,,,,,,,,,
,,,,,,,0.319931447505951,,2017,Kosovo,78.0,5.27899980545044,5.36484799548984,5.19315161541104,0.951484382152557,1.13785350322723,0.541452050209045,0.260287940502167,0.0574716180562973,2.01054072380066,,,,,,,,,,
,,,,,,,0.0288068410009146,,2017,China,79.0,5.27299976348877,5.31927808977663,5.2267214372009,1.08116579055786,1.16083741188049,0.741415500640869,0.472787708044052,0.0227942746132612,1.76493859291077,,,,,,,,,,
,,,,,,,0.315446019172668,,2017,Pakistan,80.0,5.26900005340576,5.35998364135623,5.17801646545529,0.72688353061676,0.672690689563751,0.402047783136368,0.23521526157856,0.124348066747189,2.79248929023743,,,,,,,,,,
,,,,,,,0.611704587936401,,2017,Indonesia,81.0,5.26200008392334,5.35288859814405,5.17111156970263,0.995538592338562,1.27444469928741,0.492345720529556,0.443323463201523,0.0153171354904771,1.42947697639465,,,,,,,,,,
,,,,,,,0.0650196298956871,,2017,Venezuela,82.0,5.25,5.3700319455564,5.1299680544436,1.12843120098114,1.43133759498596,0.617144227027893,0.153997123241425,0.0644911229610443,1.78946375846863,,,,,,,,,,
,,,,,,,0.197911024093628,,2017,Montenegro,83.0,5.23699998855591,5.34104444056749,5.13295553654432,1.12112903594971,1.23837649822235,0.667464673519135,0.194989055395126,0.0881741940975189,1.72919154167175,,,,,,,,,,
,,,,,,,0.0322099551558495,,2017,Morocco,84.0,5.2350001335144,5.31834096476436,5.15165930226445,0.878114581108093,0.774864435195923,0.59771066904068,0.408158332109451,0.0877631828188896,2.45618939399719,,,,,,,,,,
,,,,,,,0.0452693402767181,,2017,Azerbaijan,85.0,5.23400020599365,5.29928653523326,5.16871387675405,1.15360176563263,1.15240025520325,0.540775775909424,0.398155838251114,0.180987507104874,1.76248168945312,,,,,,,,,,
,,,,,,,0.186967849731445,,2017,Dominican Republic,86.0,5.23000001907349,5.34906088516116,5.11093915298581,1.07937383651733,1.40241670608521,0.574873745441437,0.55258983373642,0.113945253193378,1.31946516036987,,,,,,,,,,
,,,,,,,0.0,,2017,Greece,87.0,5.22700023651123,5.3252461694181,5.12875430360436,1.28948748111725,1.23941457271576,0.810198903083801,0.0957312509417534,0.04328977689147,1.74922156333923,,,,,,,,,,
,,,,,,,0.264450758695602,,2017,Lebanon,88.0,5.22499990463257,5.31888228848577,5.13111752077937,1.07498753070831,1.12962424755096,0.735081076622009,0.288515985012054,0.037513829767704,1.69507384300232,,,,,,,,,,
,,,,,,,0.0951027125120163,,2017,Portugal,89.0,5.19500017166138,5.28504173308611,5.10495861023665,1.3151752948761,1.36704301834106,0.795843541622162,0.498465299606323,0.0158694516867399,1.10768270492554,,,,,,,,,,
,,,,,,,0.328867495059967,,2017,Bosnia and Herzegovina,90.0,5.18200016021729,5.27633568674326,5.08766463369131,0.982409417629242,1.0693359375,0.705186307430267,0.204403176903725,0.0,1.89217257499695,,,,,,,,,,
,,,,,,,0.236188873648643,,2017,Honduras,91.0,5.18100023269653,5.30158279687166,5.0604176685214,0.730573117733002,1.14394497871399,0.582569479942322,0.348079860210419,0.0733454525470734,2.06581115722656,,,,,,,,,,
,,,,,,,0.25376096367836,,2017,Macedonia,92.0,5.17500019073486,5.27217263966799,5.07782774180174,1.06457793712616,1.20789301395416,0.644948184490204,0.325905978679657,0.0602777935564518,1.6174693107605,,,,,,,,,,
,,,,,,,0.291631311178207,,2017,Somalia,93.0,5.15100002288818,5.24248370990157,5.0595163358748,0.0226431842893362,0.721151351928711,0.113989137113094,0.602126955986023,0.282410323619843,3.11748456954956,,,,,,,,,,
,,,,,,,0.234968051314354,,2017,Vietnam,94.0,5.07399988174438,5.14728076457977,5.000718998909,0.788547575473785,1.27749133110046,0.652168989181519,0.571055591106415,0.0876332372426987,1.46231865882874,,,,,,,,,,
,,,,,,,0.230947196483612,,2017,Nigeria,95.0,5.07399988174438,5.20950013548136,4.93849962800741,0.783756256103516,1.21577048301697,0.0569157302379608,0.394952565431595,0.0261215660721064,2.36539053916931,,,,,,,,,,
,,,,,,,0.248997643589973,,2017,Tajikistan,96.0,5.04099988937378,5.11142559587956,4.970574182868,0.524713635444641,1.27146327495575,0.529235124588013,0.471566706895828,0.146377146244049,1.84904932975769,,,,,,,,,,
,,,,,,,0.474054545164108,,2017,Bhutan,97.0,5.01100015640259,5.07933456212282,4.94266575068235,0.885416388511658,1.34012651443481,0.495879292488098,0.501537680625916,0.173380389809608,1.14018440246582,,,,,,,,,,
,,,,,,,0.42858037352562,,2017,Kyrgyzstan,98.0,5.00400018692017,5.08991990312934,4.91808047071099,0.596220076084137,1.39423859119415,0.553457796573639,0.454943388700485,0.0394391790032387,1.53672313690186,,,,,,,,,,
,,,,,,,0.394096165895462,,2017,Nepal,99.0,4.96199989318848,5.06735607936978,4.85664370700717,0.479820191860199,1.17928326129913,0.504130780696869,0.440305948257446,0.0729755461215973,1.8912410736084,,,,,,,,,,
,,,,,,,0.338464230298996,,2017,Mongolia,100.0,4.95499992370605,5.0216795091331,4.88832033827901,1.02723586559296,1.4930112361908,0.557783484458923,0.394143968820572,0.0329022891819477,1.11129236221313,,,,,,,,,,
,,,,,,,0.139362379908562,,2017,South Africa,101.0,4.8289999961853,4.92943518772721,4.72856480464339,1.05469870567322,1.38478863239288,0.187080070376396,0.479246735572815,0.0725094974040985,1.51090860366821,,,,,,,,,,
,,,,,,,0.0496933571994305,,2017,Tunisia,102.0,4.80499982833862,4.88436700701714,4.72563264966011,1.00726580619812,0.868351459503174,0.613212049007416,0.289680689573288,0.0867231488227844,1.89025115966797,,,,,,,,,,
,,,,,,,0.114173173904419,,2017,Palestinian Territories,103.0,4.77500009536743,4.88184834256768,4.66815184816718,0.716249227523804,1.15564715862274,0.565666973590851,0.25471106171608,0.0892826020717621,1.8788902759552,,,,,,,,,,
,,,,,,,0.128631442785263,,2017,Egypt,104.0,4.7350001335144,4.82513378962874,4.64486647740006,0.989701807498932,0.997471392154694,0.520187258720398,0.282110154628754,0.114381365478039,1.70216107368469,,,,,,,,,,
,,,,,,,0.113177694380283,,2017,Bulgaria,105.0,4.71400022506714,4.80369470641017,4.62430574372411,1.1614590883255,1.43437945842743,0.708217680454254,0.289231717586517,0.0110515309497714,0.996139287948608,,,,,,,,,,
,,,,,,,0.293040901422501,,2017,Sierra Leone,106.0,4.70900011062622,4.85064333498478,4.56735688626766,0.36842092871666,0.984136044979095,0.0055647538974881,0.318697690963745,0.0710951760411263,2.66845989227295,,,,,,,,,,
,,,,,,,0.236298456788063,,2017,Cameroon,107.0,4.69500017166138,4.79654085725546,4.5934594860673,0.564305365085602,0.946018218994141,0.132892116904259,0.430388748645782,0.0513066314160824,2.3336455821991,,,,,,,,,,
,,,,,,,0.387242913246155,,2017,Iran,108.0,4.69199991226196,4.79822470769286,4.58577511683106,1.15687310695648,0.711551249027252,0.639333188533783,0.249322608113289,0.048761073499918,1.49873495101929,,,,,,,,,,
,,,,,,,0.201312944293022,,2017,Albania,109.0,4.64400005340576,4.75246400639415,4.53553610041738,0.996192753314972,0.803685247898102,0.731159746646881,0.381498634815216,0.0398642159998417,1.49044156074524,,,,,,,,,,
,,,,,,,0.172255352139473,,2017,Bangladesh,110.0,4.60799980163574,4.68982165828347,4.52617794498801,0.586682975292206,0.735131740570068,0.533241033554077,0.478356659412384,0.123717859387398,1.97873616218567,,,,,,,,,,
,,,,,,,0.0771337449550629,,2017,Namibia,111.0,4.57399988174438,4.77035474091768,4.37764502257109,0.964434325695038,1.0984708070755,0.33861181139946,0.520303547382355,0.0931469723582268,1.4818902015686,,,,,,,,,,
,,,,,,,0.444860309362411,,2017,Kenya,112.0,4.55299997329712,4.65569159060717,4.45030835598707,0.560479462146759,1.06795072555542,0.309988349676132,0.452763766050339,0.0646413192152977,1.6519021987915,,,,,,,,,,
,,,,,,,0.322228103876114,,2017,Mozambique,113.0,4.55000019073486,4.77410232633352,4.3258980551362,0.234305649995804,0.870701014995575,0.106654435396194,0.480791091918945,0.179436385631561,2.35565090179443,,,,,,,,,,
,,,,,,,0.838075160980225,,2017,Myanmar,114.0,4.54500007629395,4.61473994642496,4.47526020616293,0.367110550403595,1.12323594093323,0.397522568702698,0.514492034912109,0.188816204667091,1.11529040336609,,,,,,,,,,
,,,,,,,0.183468893170357,,2017,Senegal,115.0,4.53499984741211,4.6016037812829,4.46839591354132,0.479309022426605,1.17969191074371,0.409362852573395,0.377922266721725,0.115460447967052,1.78964614868164,,,,,,,,,,
,,,,,,,0.249580144882202,,2017,Zambia,116.0,4.51399993896484,4.64410550147295,4.38389437645674,0.636406779289246,1.00318729877472,0.257835894823074,0.461603492498398,0.0782135501503944,1.82670545578003,,,,,,,,,,
,,,,,,,0.19963726401329,,2017,Iraq,117.0,4.49700021743774,4.62259140968323,4.37140902519226,1.10271048545837,0.978613197803497,0.501180469989777,0.288555532693863,0.107215754687786,1.31890726089478,,,,,,,,,,
,,,,,,,0.0437853783369064,,2017,Gabon,118.0,4.46500015258789,4.5573617656529,4.37263853952289,1.1982102394104,1.1556202173233,0.356578588485718,0.312328577041626,0.0760467872023582,1.32291626930237,,,,,,,,,,
,,,,,,,0.312650740146637,,2017,Ethiopia,119.0,4.46000003814697,4.54272867664695,4.377271399647,0.339233845472336,0.86466920375824,0.353409707546234,0.408842742443085,0.165455713868141,2.01574373245239,,,,,,,,,,
,,,,,,,0.490863561630249,,2017,Sri Lanka,120.0,4.44000005722046,4.55344719231129,4.32655292212963,1.00985014438629,1.25997638702393,0.625130832195282,0.561213254928589,0.0736539661884308,0.419389247894287,,,,,,,,,,
,,,,,,,0.0834880918264389,,2017,Armenia,121.0,4.37599992752075,4.46673461228609,4.28526524275541,0.900596737861633,1.00748372077942,0.637524425983429,0.198303267359734,0.0266744215041399,1.5214991569519,,,,,,,,,,
,,,,,,,0.231538489460945,,2017,India,122.0,4.31500005722046,4.37152201749384,4.25847809694707,0.792221248149872,0.754372596740723,0.455427616834641,0.469987004995346,0.0922268852591515,1.5191171169281,,,,,,,,,,
,,,,,,,0.201870024204254,,2017,Mauritania,123.0,4.29199981689453,4.37716361626983,4.20683601751924,0.648457288742065,1.2720308303833,0.285349279642105,0.0960980430245399,0.136957004666328,1.65163731575012,,,,,,,,,,
,,,,,,,0.120852127671242,,2017,Congo (Brazzaville),124.0,4.29099988937378,4.41005350500345,4.17194627374411,0.808964252471924,0.832044363021851,0.28995743393898,0.435025870800018,0.0796181336045265,1.72413563728333,,,,,,,,,,
,,,,,,,0.0540088154375553,,2017,Georgia,125.0,4.28599977493286,4.37493396580219,4.19706558406353,0.950612664222717,0.57061493396759,0.649546980857849,0.309410035610199,0.251666635274887,1.50013780593872,,,,,,,,,,
,,,,,,,0.246455833315849,,2017,Congo (Kinshasa),126.0,4.28000020980835,4.35781083270907,4.20218958690763,0.0921023488044739,1.22902345657349,0.191407024860382,0.235961347818375,0.0602413564920425,2.22495865821838,,,,,,,,,,
,,,,,,,0.183354198932648,,2017,Mali,127.0,4.19000005722046,4.26967071101069,4.11032940343022,0.476180493831635,1.28147339820862,0.169365674257278,0.306613743305206,0.104970246553421,1.66819095611572,,,,,,,,,,
,,,,,,,0.201237469911575,,2017,Ivory Coast,128.0,4.17999982833862,4.27518256321549,4.08481709346175,0.603048920631409,0.904780030250549,0.0486421696841717,0.447706192731857,0.130061775445938,1.84496426582336,,,,,,,,,,
,,,,,,,0.385922968387604,,2017,Cambodia,129.0,4.16800022125244,4.27851781353354,4.05748262897134,0.601765096187592,1.00623834133148,0.429783403873444,0.633375823497772,0.0681059509515762,1.04294109344482,,,,,,,,,,
,,,,,,,0.182317450642586,,2017,Sudan,130.0,4.13899993896484,4.34574716508389,3.9322527128458,0.65951669216156,1.21400856971741,0.290920823812485,0.0149958552792668,0.089847519993782,1.68706583976746,,,,,,,,,,
,,,,,,,0.256923943758011,,2017,Ghana,131.0,4.11999988555908,4.22270720854402,4.01729256257415,0.667224824428558,0.873664736747742,0.295637726783752,0.423026293516159,0.0253363698720932,1.57786750793457,,,,,,,,,,
,,,,,,,0.270061463117599,,2017,Ukraine,132.0,4.09600019454956,4.18541010454297,4.00659028455615,0.89465194940567,1.39453756809235,0.575903952121735,0.122974775731564,0.0230294708162546,0.814382314682007,,,,,,,,,,
,,,,,,,0.325766056776047,,2017,Uganda,133.0,4.08099985122681,4.19579996705055,3.96619973540306,0.381430715322495,1.12982773780823,0.217632606625557,0.443185955286026,0.057069718837738,1.526362657547,,,,,,,,,,
,,,,,,,0.250864684581757,,2017,Burkina Faso,134.0,4.03200006484985,4.12405906438828,3.93994106531143,0.3502277135849,1.04328000545502,0.215844258666039,0.324367851018906,0.120328105986118,1.72721290588379,,,,,,,,,,
,,,,,,,0.228673845529556,,2017,Niger,135.0,4.02799987792969,4.11194681972265,3.94405293613672,0.161925330758095,0.993025004863739,0.26850500702858,0.36365869641304,0.138572946190834,1.87398338317871,,,,,,,,,,
,,,,,,,0.287170469760895,,2017,Malawi,136.0,3.97000002861023,4.07747881740332,3.86252123981714,0.233442038297653,0.512568831443787,0.315089583396912,0.466914653778076,0.0727116540074348,2.08178615570068,,,,,,,,,,
,,,,,,,0.216113850474358,,2017,Chad,137.0,3.93600010871887,4.0347115239501,3.83728869348764,0.438012987375259,0.953855872154236,0.0411347150802612,0.16234202682972,0.0535818822681904,2.07123804092407,,,,,,,,,,
,,,,,,,0.189143493771553,,2017,Zimbabwe,138.0,3.875,3.97869964271784,3.77130035728216,0.375846534967422,1.08309590816498,0.196763753890991,0.336384207010269,0.0953753814101219,1.59797024726868,,,,,,,,,,
,,,,,,,0.157497271895409,,2017,Lesotho,139.0,3.80800008773804,4.04434397548437,3.5716561999917,0.521021246910095,1.19009518623352,0.0,0.390661299228668,0.119094640016556,1.42983531951904,,,,,,,,,,
,,,,,,,0.097926490008831,,2017,Angola,140.0,3.79500007629395,3.95164193540812,3.63835821717978,0.858428180217743,1.10441195964813,0.0498686656355858,0.0,0.0697203353047371,1.61448240280151,,,,,,,,,,
,,,,,,,0.311870932579041,,2017,Afghanistan,141.0,3.79399991035461,3.87366141527891,3.71433840543032,0.401477217674255,0.581543326377869,0.180746778845787,0.106179520487785,0.0611578300595284,2.15080118179321,,,,,,,,,,
,,,,,,,0.0993484482169151,,2017,Botswana,142.0,3.76600003242493,3.87412266626954,3.65787739858031,1.12209415435791,1.22155499458313,0.341755509376526,0.505196332931519,0.0985831990838051,0.3779137134552,,,,,,,,,,
,,,,,,,0.207948461174965,,2017,Benin,143.0,3.65700006484985,3.74578355133533,3.56821657836437,0.431085407733917,0.435299843549728,0.209930211305618,0.425962775945663,0.0609290152788162,1.88563096523285,,,,,,,,,,
,,,,,,,0.208732530474663,,2017,Madagascar,144.0,3.64400005340576,3.71431910589337,3.57368100091815,0.305808693170547,0.913020372390747,0.375223308801651,0.189196765422821,0.0672319754958153,1.58461260795593,,,,,,,,,,
,,,,,,,0.489203780889511,,2017,Haiti,145.0,3.6029999256134,3.73471479773521,3.47128505349159,0.368610262870789,0.640449821949005,0.277321130037308,0.0303698573261499,0.0998721495270729,1.69716763496399,,,,,,,,,,
,,,,,,,0.104125209152699,,2017,Yemen,146.0,3.59299993515015,3.69275031983852,3.49324955046177,0.591683447360992,0.93538224697113,0.310080915689468,0.249463722109795,0.0567674227058887,1.34560060501099,,,,,,,,,,
,,,,,,,0.285670816898346,,2017,South Sudan,147.0,3.59100008010864,3.72553858578205,3.45646157443523,0.39724862575531,0.601323127746582,0.163486003875732,0.147062435746193,0.116793513298035,1.87956738471985,,,,,,,,,,
,,,,,,,0.26654988527298,,2017,Liberia,148.0,3.53299999237061,3.65375626087189,3.41224372386932,0.119041793048382,0.872117936611176,0.229918196797371,0.332881182432175,0.0389482490718365,1.67328596115112,,,,,,,,,,
,,,,,,,0.264815092086792,,2017,Guinea,149.0,3.50699996948242,3.58442812889814,3.4295718100667,0.244549930095673,0.791244685649872,0.194129139184952,0.348587512969971,0.110937617719173,1.55231189727783,,,,,,,,,,
,,,,,,,0.196896150708199,,2017,Togo,150.0,3.49499988555908,3.59403811171651,3.39596165940166,0.305444717407227,0.431882530450821,0.247105568647385,0.38042613863945,0.0956650152802467,1.83722925186157,,,,,,,,,,
,,,,,,,0.252756029367447,,2017,Rwanda,151.0,3.47099995613098,3.54303023353219,3.39896967872977,0.368745893239975,0.945707023143768,0.326424807310104,0.581843852996826,0.455220013856888,0.540061235427856,,,,,,,,,,
,,,,,,,0.493663728237152,,2017,Syria,152.0,3.46199989318848,3.66366855680943,3.26033122956753,0.777153134346008,0.396102607250214,0.50053334236145,0.0815394446253777,0.151347130537033,1.06157350540161,,,,,,,,,,
,,,,,,,0.354256361722946,,2017,Tanzania,153.0,3.34899997711182,3.46142975538969,3.23657019883394,0.511135876178741,1.04198980331421,0.364509284496307,0.390017777681351,0.0660351067781448,0.621130466461182,,,,,,,,,,
,,,,,,,0.204435184597969,,2017,Burundi,154.0,2.90499997138977,3.07469033300877,2.73530960977077,0.091622568666935,0.629793584346771,0.151610791683197,0.0599007532000542,0.0841479450464249,1.68302416801453,,,,,,,,,,
,,,,,,,0.280876487493515,,2017,Central African Republic,155.0,2.69300007820129,2.86488426923752,2.52111588716507,0.0,0.0,0.0187726859003305,0.270842045545578,0.0565650761127472,2.06600475311279,,,,,,,,,,
,,,,,,,0.36171,,2016,Denmark,,,,,,1.16374,,0.57941,,,Western Europe,1.0,7.526,7.46,7.592,1.44178,0.79504,0.44453,2.73939,
,,,,,,,0.28083,,2016,Switzerland,,,,,,1.14524,,0.58557,,,Western Europe,2.0,7.509,7.428,7.59,1.52733,0.86303,0.41203,2.69463,
,,,,,,,0.47678,,2016,Iceland,,,,,,1.18326,,0.56624,,,Western Europe,3.0,7.501,7.333,7.669,1.42666,0.86733,0.14975,2.83137,
,,,,,,,0.37895,,2016,Norway,,,,,,1.1269,,0.59609,,,Western Europe,4.0,7.498,7.421,7.575,1.57744,0.79579,0.35776,2.66465,
,,,,,,,0.25492,,2016,Finland,,,,,,1.13464,,0.57104,,,Western Europe,5.0,7.413,7.351,7.475,1.40598,0.81091,0.41004,2.82596,
,,,,,,,0.44834,,2016,Canada,,,,,,1.0961,,0.5737,,,North America,6.0,7.404,7.335,7.473,1.44015,0.8276,0.31329,2.70485,
,,,,,,,0.47416,,2016,Netherlands,,,,,,1.02912,,0.55211,,,Western Europe,7.0,7.339,7.284,7.394,1.46468,0.81231,0.29927,2.70749,
,,,,,,,0.49401,,2016,New Zealand,,,,,,1.17278,,0.58147,,,Australia and New Zealand,8.0,7.334,7.264,7.404,1.36066,0.83096,0.41904,2.47553,
,,,,,,,0.47407,,2016,Australia,,,,,,1.10476,,0.56837,,,Australia and New Zealand,9.0,7.313,7.241,7.385,1.44443,0.8512,0.32331,2.5465,
,,,,,,,0.38254,,2016,Sweden,,,,,,1.08764,,0.58218,,,Western Europe,10.0,7.291,7.227,7.355,1.45181,0.83121,0.40867,2.54734,
,,,,,,,0.32288,,2016,Israel,,,,,,0.99537,,0.36432,,,Middle East and Northern Africa,11.0,7.267,7.199,7.335,1.33766,0.84917,0.08728,3.31029,
,,,,,,,0.32865,,2016,Austria,,,,,,1.08383,,0.54355,,,Western Europe,12.0,7.119,7.045,7.193,1.45038,0.80565,0.21348,2.69343,
,,,,,,,0.41077,,2016,United States,,,,,,1.04782,,0.48163,,,North America,13.0,7.104,7.02,7.188,1.50796,0.779,0.14868,2.72782,
,,,,,,,0.22553,,2016,Costa Rica,,,,,,1.02152,,0.55225,,,Latin America and Caribbean,14.0,7.087,6.999,7.175,1.06879,0.76146,0.10547,3.35168,
,,,,,,,0.22202,,2016,Puerto Rico,,,,,,1.08113,,0.46823,,,Latin America and Caribbean,15.0,7.039,6.794,7.284,1.35943,0.77758,0.12275,3.0076,
,,,,,,,0.30452,,2016,Germany,,,,,,1.09774,,0.53466,,,Western Europe,16.0,6.994,6.93,7.058,1.44787,0.81487,0.28551,2.50931,
,,,,,,,0.15776,,2016,Brazil,,,,,,1.03938,,0.40425,,,Latin America and Caribbean,17.0,6.952,6.875,7.029,1.08754,0.61415,0.14166,3.50733,
,,,,,,,0.2424,,2016,Belgium,,,,,,1.05249,,0.51354,,,Western Europe,18.0,6.929,6.861,6.997,1.42539,0.81959,0.26248,2.61355,
,,,,,,,0.44963,,2016,Ireland,,,,,,1.16157,,0.54008,,,Western Europe,19.0,6.907,6.836,6.978,1.48341,0.81455,0.29754,2.15988,
,,,,,,,0.27571,,2016,Luxembourg,,,,,,1.03999,,0.5487,,,Western Europe,20.0,6.871,6.804,6.938,1.69752,0.84542,0.35329,2.11055,
,,,,,,,0.11735,,2016,Mexico,,,,,,0.7146,,0.37709,,,Latin America and Caribbean,21.0,6.778,6.68,6.876,1.11508,0.71143,0.18355,3.55906,
,,,,,,,0.32706,,2016,Singapore,,,,,,0.86758,,0.4877,,,Southeastern Asia,22.0,6.739,6.674,6.804,1.64555,0.94719,0.46987,1.99375,
,,,,,,,0.50156,,2016,United Kingdom,,,,,,1.08672,,0.50036,,,Western Europe,23.0,6.725,6.647,6.803,1.40283,0.80991,0.27399,2.14999,
,,,,,,,0.31595,,2016,Chile,,,,,,0.90587,,0.37789,,,Latin America and Caribbean,24.0,6.705,6.615,6.795,1.2167,0.81883,0.11451,2.95505,
,,,,,,,0.2418,,2016,Panama,,,,,,0.98912,,0.48927,,,Latin America and Caribbean,25.0,6.701,6.601,6.801,1.18306,0.70835,0.08423,3.00559,
,,,,,,,0.10989,,2016,Argentina,,,,,,1.06612,,0.42284,,,Latin America and Caribbean,26.0,6.65,6.56,6.74,1.15137,0.69711,0.07296,3.12985,
,,,,,,,0.09929,,2016,Czech Republic,,,,,,1.00793,,0.41418,,,Central and Eastern Europe,27.0,6.596,6.515,6.677,1.30915,0.76376,0.03986,2.96211,
,,,,,,,0.26591,,2016,United Arab Emirates,,,,,,0.87114,,0.56215,,,Middle East and Northern Africa,28.0,6.573,6.494,6.652,1.57352,0.72993,0.35561,2.21507,
,,,,,,,0.18056,,2016,Uruguay,,,,,,1.03143,,0.54388,,,Latin America and Caribbean,29.0,6.545,6.456,6.634,1.18157,0.72183,0.21394,2.67139,
,,,,,,,0.56237,,2016,Malta,,,,,,1.09879,,0.54994,,,Western Europe,30.0,6.488,6.409,6.567,1.30782,0.80315,0.17554,1.99032,
,,,,,,,0.15626,,2016,Colombia,,,,,,1.02169,,0.44735,,,Latin America and Caribbean,31.0,6.481,6.384,6.578,1.03032,0.59659,0.05399,3.17471,
,,,,,,,0.1216,,2016,France,,,,,,1.00508,,0.46562,,,Western Europe,32.0,6.478,6.397,6.559,1.39488,0.83795,0.17808,2.4744,
,,,,,,,0.58696,,2016,Thailand,,,,,,1.04477,,0.49553,,,Southeastern Asia,33.0,6.474,6.396,6.552,1.0893,0.64915,0.02833,2.5796,
,,,,,,,0.15457,,2016,Saudi Arabia,,,,,,0.84829,,0.37904,,,Middle East and Northern Africa,34.0,6.379,6.287,6.471,1.48953,0.59267,0.30008,2.61482,
,,,,,,,0.25495,,2016,Taiwan,,,,,,0.92624,,0.32377,,,Eastern Asia,34.0,6.379,6.305,6.453,1.39729,0.79565,0.0663,2.61523,
,,,,,,,0.32388,,2016,Qatar,,,,,,0.87964,,0.56679,,,Middle East and Northern Africa,36.0,6.375,6.178,6.572,1.82427,0.71723,0.48049,1.58224,
,,,,,,,0.17665,,2016,Spain,,,,,,1.12945,,0.37545,,,Western Europe,37.0,6.361,6.288,6.434,1.34253,0.87896,0.06137,2.39663,
,,,,,,,0.07044,,2016,Algeria,,,,,,0.83309,,0.21006,,,Middle East and Northern Africa,38.0,6.355,6.227,6.483,1.05266,0.61804,0.16157,3.40904,
,,,,,,,0.28808,,2016,Guatemala,,,,,,0.87119,,0.50379,,,Latin America and Caribbean,39.0,6.324,6.213,6.435,0.83454,0.54039,0.08701,3.19863,
,,,,,,,0.16665,,2016,Suriname,,,,,,0.77866,,0.52234,,,Latin America and Caribbean,40.0,6.269,6.073,6.465,1.09686,0.50933,0.12692,3.06852,
,,,,,,,0.15965,,2016,Kuwait,,,,,,0.87758,,0.43166,,,Middle East and Northern Africa,41.0,6.239,6.154,6.324,1.61714,0.63569,0.23669,2.28085,
,,,,,,,0.17147,,2016,Bahrain,,,,,,0.94397,,0.47375,,,Middle East and Northern Africa,42.0,6.218,6.128,6.308,1.44024,0.65696,0.25772,2.27405,
,,,,,,,0.31935,,2016,Trinidad and Tobago,,,,,,0.98569,,0.48453,,,Latin America and Caribbean,43.0,6.168,5.95,6.386,1.32572,0.52608,0.01241,2.51394,
,,,,,,,0.0425,,2016,Venezuela,,,,,,1.03302,,0.19847,,,Latin America and Caribbean,44.0,6.084,5.973,6.195,1.13367,0.61904,0.08304,2.97468,
,,,,,,,0.13837,,2016,Slovakia,,,,,,1.08268,,0.23391,,,Central and Eastern Europe,45.0,6.078,5.996,6.16,1.27973,0.70367,0.02947,2.61065,
,,,,,,,0.08877,,2016,El Salvador,,,,,,0.80975,,0.37269,,,Latin America and Caribbean,46.0,6.068,5.967,6.169,0.8737,0.596,0.10613,3.22134,
,,,,,,,0.41474,,2016,Malaysia,,,,,,0.88025,,0.39031,,,Southeastern Asia,47.0,6.005,5.921,6.089,1.25142,0.62366,0.09081,2.35384,
,,,,,,,0.29773,,2016,Nicaragua,,,,,,0.89521,,0.46582,,,Latin America and Caribbean,48.0,5.992,5.877,6.107,0.69384,0.65213,0.16292,2.82428,
,,,,,,,0.34326,,2016,Uzbekistan,,,,,,1.1681,,0.60848,,,Central and Eastern Europe,49.0,5.987,5.896,6.078,0.73591,0.50163,0.28333,2.34638,
,,,,,,,0.16684,,2016,Italy,,,,,,1.04167,,0.18827,,,Western Europe,50.0,5.977,5.898,6.056,1.35495,0.85102,0.02556,2.34918,
,,,,,,,0.10074,,2016,Ecuador,,,,,,0.85974,,0.4027,,,Latin America and Caribbean,51.0,5.976,5.88,6.072,0.97306,0.68613,0.18037,2.77366,
,,,,,,,0.23684,,2016,Belize,,,,,,0.68655,,0.51231,,,Latin America and Caribbean,52.0,5.956,5.71,6.202,0.87616,0.45569,0.10771,3.08039,
,,,,,,,0.10224,,2016,Japan,,,,,,1.06054,,0.46761,,,Eastern Asia,53.0,5.921,5.85,5.992,1.38007,0.91491,0.18985,1.80584,
,,,,,,,0.15011,,2016,Kazakhstan,,,,,,0.95544,,0.4052,,,Central and Eastern Europe,54.0,5.919,5.837,6.001,1.22943,0.57386,0.11132,2.49325,
,,,,,,,0.19997,,2016,Moldova,,,,,,0.83132,,0.25202,,,Central and Eastern Europe,55.0,5.897,5.823,5.971,0.69177,0.52309,0.01903,3.38007,
,,,,,,,0.02736,,2016,Russia,,,,,,1.05261,,0.32682,,,Central and Eastern Europe,56.0,5.856,5.789,5.923,1.23228,0.58991,0.03586,2.59115,
,,,,,,,0.14443,,2016,Poland,,,,,,1.04685,,0.4519,,,Central and Eastern Europe,57.0,5.835,5.749,5.921,1.24585,0.69058,0.055,2.20035,
,,,,,,,0.18824,,2016,South Korea,,,,,,0.72194,,0.25168,,,Eastern Asia,57.0,5.835,5.747,5.923,1.35948,0.88645,0.07716,2.35015,
,,,,,,,0.21698,,2016,Bolivia,,,,,,0.83779,,0.50961,,,Latin America and Caribbean,59.0,5.822,5.74,5.904,0.79422,0.4697,0.07746,2.91635,
,,,,,,,0.02025,,2016,Lithuania,,,,,,1.06411,,0.18929,,,Central and Eastern Europe,60.0,5.813,5.734,5.892,1.2692,0.64674,0.0182,2.60525,
,,,,,,,0.13942,,2016,Belarus,,,,,,1.04993,,0.29091,,,Central and Eastern Europe,61.0,5.802,5.723,5.881,1.13062,0.63104,0.17457,2.38582,
,,,,,,,0.26322,,2016,North Cyprus,,,,,,0.81826,,0.43596,,,Western Europe,62.0,5.771,5.67,5.872,1.31141,0.84142,0.16578,1.93447,
,,,,,,,0.25738,,2016,Slovenia,,,,,,1.05613,,0.53164,,,Central and Eastern Europe,63.0,5.768,5.683,5.853,1.29947,0.79151,0.03635,1.79522,
,,,,,,,0.14527,,2016,Peru,,,,,,0.81255,,0.37502,,,Latin America and Caribbean,64.0,5.743,5.647,5.839,0.99602,0.62994,0.05292,2.73117,
,,,,,,,0.22567,,2016,Turkmenistan,,,,,,1.03817,,0.37408,,,Central and Eastern Europe,65.0,5.658,5.58,5.736,1.08017,0.44006,0.28467,2.21489,
,,,,,,,0.36951,,2016,Mauritius,,,,,,0.75695,,0.46145,,,Sub-Saharan Africa,66.0,5.648,5.507,5.789,1.14372,0.66189,0.05203,2.20223,
,,,,,,,0.17087,,2016,Libya,,,,,,0.95076,,0.40672,,,Middle East and Northern Africa,67.0,5.615,5.406,5.824,1.06688,0.52304,0.10339,2.39374,
,,,,,,,0.17445,,2016,Latvia,,,,,,0.95025,,0.27996,,,Central and Eastern Europe,68.0,5.56,5.486,5.634,1.21788,0.63952,0.0889,2.20859,
,,,,,,,0.27906,,2016,Cyprus,,,,,,0.70697,,0.29507,,,Western Europe,69.0,5.546,5.442,5.65,1.31857,0.8488,0.05228,2.04497,
,,,,,,,0.25296,,2016,Paraguay,,,,,,1.11111,,0.46235,,,Latin America and Caribbean,70.0,5.538,5.453,5.623,0.89373,0.58295,0.07396,2.16091,
,,,,,,,0.12889,,2016,Romania,,,,,,0.72803,,0.36712,,,Central and Eastern Europe,71.0,5.528,5.427,5.629,1.1697,0.67602,0.00679,2.45184,
,,,,,,,0.08423,,2016,Estonia,,,,,,1.05163,,0.41511,,,Central and Eastern Europe,72.0,5.517,5.437,5.597,1.27964,0.68098,0.18519,1.81985,
,,,,,,,0.22245,,2016,Jamaica,,,,,,0.96372,,0.43597,,,Latin America and Caribbean,73.0,5.51,5.315,5.705,0.89333,0.59469,0.04294,2.35682,
,,,,,,,0.18434,,2016,Croatia,,,,,,0.60809,,0.23907,,,Central and Eastern Europe,74.0,5.488,5.402,5.574,1.18649,0.70524,0.04002,2.52462,
,,,,,,,0.40097,,2016,Hong Kong,,,,,,0.87021,,0.48079,,,Eastern Asia,75.0,5.458,5.362,5.554,1.5107,0.95277,0.31647,0.92614,
,,,,,,,0.27225,,2016,Somalia,,,,,,0.33613,,0.56778,,,Sub-Saharan Africa,76.0,5.44,5.321,5.559,0.0,0.11466,0.3118,3.83772,
,,,,,,,0.27992,,2016,Kosovo,,,,,,0.66062,,0.14396,,,Central and Eastern Europe,77.0,5.401,5.308,5.494,0.90145,0.54,0.06547,2.80998,
,,,,,,,0.04707,,2016,Turkey,,,,,,0.87717,,0.23889,,,Middle East and Northern Africa,78.0,5.389,5.295,5.483,1.16492,0.64718,0.12348,2.29074,
,,,,,,,0.56521,,2016,Indonesia,,,,,,0.87625,,0.39237,,,Southeastern Asia,79.0,5.314,5.237,5.391,0.95104,0.49374,0.00322,2.03171,
,,,,,,,0.14262,,2016,Jordan,,,,,,0.86216,,0.36023,,,Middle East and Northern Africa,80.0,5.303,5.187,5.419,0.99673,0.60712,0.13297,2.20142,
,,,,,,,0.0564,,2016,Azerbaijan,,,,,,0.76042,,0.35327,,,Central and Eastern Europe,81.0,5.291,5.226,5.356,1.12373,0.54504,0.17914,2.2735,
,,,,,,,0.21674,,2016,Philippines,,,,,,0.87877,,0.54854,,,Southeastern Asia,82.0,5.279,5.16,5.398,0.81217,0.47036,0.11757,2.23484,
,,,,,,,0.04959,,2016,China,,,,,,0.79381,,0.44012,,,Eastern Asia,83.0,5.245,5.199,5.291,1.0278,0.73561,0.02745,2.17087,
,,,,,,,0.48546,,2016,Bhutan,,,,,,0.90836,,0.46074,,,Southern Asia,84.0,5.196,5.138,5.254,0.8527,0.49759,0.1616,1.82916,
,,,,,,,0.38432,,2016,Kyrgyzstan,,,,,,0.95434,,0.40212,,,Central and Eastern Europe,85.0,5.185,5.103,5.267,0.56044,0.55449,0.04762,2.28136,
,,,,,,,0.20737,,2016,Serbia,,,,,,0.81329,,0.15718,,,Central and Eastern Europe,86.0,5.177,5.083,5.271,1.03437,0.6458,0.04339,2.27539,
,,,,,,,0.29889,,2016,Bosnia and Herzegovina,,,,,,0.64367,,0.09511,,,Central and Eastern Europe,87.0,5.163,5.063,5.263,0.93383,0.70766,0.0,2.48406,
,,,,,,,0.17191,,2016,Montenegro,,,,,,0.74173,,0.15111,,,Central and Eastern Europe,88.0,5.161,5.055,5.267,1.07838,0.63533,0.12721,2.25531,
,,,,,,,0.21286,,2016,Dominican Republic,,,,,,0.99496,,0.52259,,,Latin America and Caribbean,89.0,5.155,5.037,5.273,1.02787,0.57669,0.12372,1.69626,
,,,,,,,0.04053,,2016,Morocco,,,,,,0.38595,,0.25646,,,Middle East and Northern Africa,90.0,5.151,5.058,5.244,0.84058,0.59471,0.08404,2.94891,
,,,,,,,0.099,,2016,Hungary,,,,,,0.93164,,0.1977,,,Central and Eastern Europe,91.0,5.145,5.056,5.234,1.24142,0.67608,0.04472,1.95473,
,,,,,,,0.31185,,2016,Pakistan,,,,,,0.26135,,0.14622,,,Southern Asia,92.0,5.132,5.038,5.226,0.68816,0.40306,0.1388,3.18286,
,,,,,,,0.23693,,2016,Lebanon,,,,,,0.64184,,0.26228,,,Middle East and Northern Africa,93.0,5.129,5.031,5.227,1.12268,0.76171,0.03061,2.07339,
,,,,,,,0.11691,,2016,Portugal,,,,,,0.94367,,0.44727,,,Western Europe,94.0,5.123,5.03,5.216,1.27607,0.79363,0.01521,1.53015,
,,,,,,,0.23507,,2016,Macedonia,,,,,,0.78236,,0.27668,,,Central and Eastern Europe,95.0,5.121,5.017,5.225,1.0193,0.64738,0.07047,2.08947,
,,,,,,,0.25075,,2016,Vietnam,,,,,,0.79117,,0.55954,,,Southeastern Asia,96.0,5.061,4.991,5.131,0.74037,0.66157,0.11556,1.9418,
,,,,,,,0.51479,,2016,Somaliland Region,,,,,,0.75862,,0.3913,,,Sub-Saharan Africa,97.0,5.057,4.934,5.18,0.25558,0.33108,0.36794,2.43801,
,,,,,,,0.03936,,2016,Tunisia,,,,,,0.43165,,0.23553,,,Middle East and Northern Africa,98.0,5.045,4.965,5.125,0.97724,0.59577,0.0817,2.68413,
,,,,,,,0.0,,2016,Greece,,,,,,0.75473,,0.05822,,,Western Europe,99.0,5.033,4.935,5.131,1.24886,0.80029,0.04127,2.12944,
,,,,,,,0.25998,,2016,Tajikistan,,,,,,0.75602,,0.43408,,,Central and Eastern Europe,100.0,4.996,4.923,5.069,0.48835,0.53119,0.13509,2.39106,
,,,,,,,0.34539,,2016,Mongolia,,,,,,1.08983,,0.35972,,,Eastern Asia,101.0,4.907,4.838,4.976,0.98853,0.55469,0.03285,1.53586,
,,,,,,,0.43079,,2016,Laos,,,,,,0.5497,,0.52168,,,Southeastern Asia,102.0,4.876,4.742,5.01,0.68042,0.38291,0.22423,2.08637,
,,,,,,,0.23219,,2016,Nigeria,,,,,,0.64498,,0.27854,,,Sub-Saharan Africa,103.0,4.875,4.75,5.0,0.75216,0.05108,0.0305,2.88586,
,,,,,,,0.2044,,2016,Honduras,,,,,,0.75596,,0.26755,,,Latin America and Caribbean,104.0,4.871,4.75,4.992,0.69429,0.58383,0.06906,2.29551,
,,,,,,,0.38538,,2016,Iran,,,,,,0.38857,,0.22544,,,Middle East and Northern Africa,105.0,4.813,4.703,4.923,1.11758,0.64232,0.0557,1.99817,
,,,,,,,0.17866,,2016,Zambia,,,,,,0.6376,,0.42662,,,Sub-Saharan Africa,106.0,4.795,4.645,4.945,0.61202,0.23573,0.11479,2.58991,
,,,,,,,0.3816,,2016,Nepal,,,,,,0.69699,,0.37012,,,Southern Asia,107.0,4.793,4.698,4.888,0.44626,0.50073,0.07008,2.32694,
,,,,,,,0.11154,,2016,Palestinian Territories,,,,,,0.71629,,0.17744,,,Middle East and Northern Africa,108.0,4.754,4.649,4.859,0.67024,0.56844,0.10613,2.40364,
,,,,,,,0.1684,,2016,Albania,,,,,,0.50163,,0.31866,,,Central and Eastern Europe,109.0,4.655,4.546,4.764,0.9553,0.73007,0.05301,1.92816,
,,,,,,,0.19132,,2016,Bangladesh,,,,,,0.24749,,0.39778,,,Southern Asia,110.0,4.643,4.56,4.726,0.54177,0.52989,0.12583,2.60904,
,,,,,,,0.23897,,2016,Sierra Leone,,,,,,0.628,,0.30685,,,Sub-Saharan Africa,111.0,4.635,4.505,4.765,0.36485,0.0,0.08196,3.01402,
,,,,,,,0.19589,,2016,Iraq,,,,,,0.59205,,0.24856,,,Middle East and Northern Africa,112.0,4.575,4.446,4.704,1.07474,0.51076,0.13636,1.81657,
,,,,,,,0.07795,,2016,Namibia,,,,,,0.70362,,0.48614,,,Sub-Saharan Africa,113.0,4.574,4.374,4.774,0.93287,0.34745,0.10398,1.92198,
,,,,,,,0.2268,,2016,Cameroon,,,,,,0.62542,,0.42736,,,Sub-Saharan Africa,114.0,4.513,4.417,4.609,0.52497,0.12698,0.06126,2.5198,
,,,,,,,0.29522,,2016,Ethiopia,,,,,,0.37932,,0.36703,,,Sub-Saharan Africa,115.0,4.508,4.425,4.591,0.29283,0.34578,0.1717,2.65614,
,,,,,,,0.13656,,2016,South Africa,,,,,,0.96053,,0.42483,,,Sub-Saharan Africa,116.0,4.459,4.371,4.547,1.02416,0.18611,0.08415,1.64227,
,,,,,,,0.46978,,2016,Sri Lanka,,,,,,0.84783,,0.50817,,,Southern Asia,117.0,4.415,4.322,4.508,0.97318,0.62007,0.07964,0.91681,
,,,,,,,0.25028,,2016,India,,,,,,0.29247,,0.40285,,,Southern Asia,118.0,4.404,4.351,4.457,0.74036,0.45091,0.08722,2.18032,
,,,,,,,0.81971,,2016,Myanmar,,,,,,0.69981,,0.42692,,,Southeastern Asia,119.0,4.395,4.327,4.463,0.34112,0.3988,0.20243,1.50655,
,,,,,,,0.12706,,2016,Egypt,,,,,,0.49813,,0.18847,,,Middle East and Northern Africa,120.0,4.362,4.259,4.465,0.95395,0.52116,0.10393,1.96895,
,,,,,,,0.07793,,2016,Armenia,,,,,,0.62477,,0.14037,,,Central and Eastern Europe,121.0,4.36,4.266,4.454,0.86086,0.64083,0.03616,1.97864,
,,,,,,,0.41328,,2016,Kenya,,,,,,0.7624,,0.40576,,,Sub-Saharan Africa,122.0,4.356,4.259,4.453,0.52267,0.30147,0.06686,1.88326,
,,,,,,,0.20363,,2016,Ukraine,,,,,,1.01413,,0.12859,,,Central and Eastern Europe,123.0,4.324,4.236,4.412,0.87287,0.58628,0.01829,1.50066,
,,,,,,,0.21203,,2016,Ghana,,,,,,0.49353,,0.40973,,,Sub-Saharan Africa,124.0,4.276,4.185,4.367,0.63107,0.29681,0.0326,2.2002,
,,,,,,,0.25458,,2016,Congo (Kinshasa),,,,,,0.80676,,0.15602,,,Sub-Saharan Africa,125.0,4.272,4.191,4.353,0.05661,0.188,0.06075,2.74924,
,,,,,,,0.06786,,2016,Georgia,,,,,,0.19249,,0.32461,,,Central and Eastern Europe,126.0,4.252,4.164,4.34,0.83792,0.64035,0.3188,1.87031,
,,,,,,,0.12077,,2016,Congo (Brazzaville),,,,,,0.47799,,0.37938,,,Sub-Saharan Africa,127.0,4.236,4.107,4.365,0.77109,0.28212,0.09753,2.10681,
,,,,,,,0.19103,,2016,Senegal,,,,,,0.77416,,0.31056,,,Sub-Saharan Africa,128.0,4.219,4.151,4.287,0.44314,0.40457,0.11681,1.97861,
,,,,,,,0.12793,,2016,Bulgaria,,,,,,0.92542,,0.21219,,,Central and Eastern Europe,129.0,4.217,4.104,4.33,1.11306,0.67806,0.00615,1.15377,
,,,,,,,0.22686,,2016,Mauritania,,,,,,0.84142,,0.1268,,,Sub-Saharan Africa,130.0,4.201,4.127,4.275,0.61391,0.28639,0.17955,1.9263,
,,,,,,,0.18503,,2016,Zimbabwe,,,,,,0.71478,,0.25429,,,Sub-Saharan Africa,131.0,4.193,4.101,4.285,0.35041,0.1595,0.08582,2.4427,
,,,,,,,0.30968,,2016,Malawi,,,,,,0.147,,0.4143,,,Sub-Saharan Africa,132.0,4.156,4.041,4.271,0.08709,0.29364,0.07564,2.82859,
,,,,,,,0.18077,,2016,Sudan,,,,,,0.81928,,0.0,,,Sub-Saharan Africa,133.0,4.139,3.928,4.35,0.63069,0.29759,0.10039,2.10995,
,,,,,,,0.06244,,2016,Gabon,,,,,,0.72368,,0.28098,,,Sub-Saharan Africa,134.0,4.121,4.03,4.212,1.15851,0.3494,0.09314,1.45332,
,,,,,,,0.21064,,2016,Mali,,,,,,0.86333,,0.27544,,,Sub-Saharan Africa,135.0,4.073,3.988,4.158,0.31292,0.16347,0.13647,2.11087,
,,,,,,,0.47958,,2016,Haiti,,,,,,0.29561,,0.12072,,,Latin America and Caribbean,136.0,4.028,3.893,4.163,0.34097,0.27494,0.14476,2.37116,
,,,,,,,0.12425,,2016,Botswana,,,,,,0.89186,,0.44089,,,Sub-Saharan Africa,137.0,3.974,3.875,4.073,1.09426,0.34752,0.10769,0.96741,
,,,,,,,0.1827,,2016,Comoros,,,,,,0.60323,,0.15412,,,Sub-Saharan Africa,138.0,3.956,3.86,4.052,0.27509,0.29981,0.18437,2.25632,
,,,,,,,0.20338,,2016,Ivory Coast,,,,,,0.57576,,0.40663,,,Sub-Saharan Africa,139.0,3.916,3.826,4.006,0.55507,0.04476,0.1553,1.97478,
,,,,,,,0.40339,,2016,Cambodia,,,,,,0.5375,,0.58852,,,Southeastern Asia,140.0,3.907,3.798,4.016,0.55604,0.42494,0.08092,1.31573,
,,,,,,,0.12071,,2016,Angola,,,,,,0.66366,,0.00589,,,Sub-Saharan Africa,141.0,3.866,3.753,3.979,0.84731,0.04991,0.08434,2.09459,
,,,,,,,0.2097,,2016,Niger,,,,,,0.6053,,0.38041,,,Sub-Saharan Africa,142.0,3.856,3.781,3.931,0.1327,0.26162,0.17176,2.09469,
,,,,,,,0.25899,,2016,South Sudan,,,,,,0.18519,,0.19662,,,Sub-Saharan Africa,143.0,3.832,3.596,4.068,0.39394,0.15781,0.13015,2.50929,
,,,,,,,0.18667,,2016,Chad,,,,,,0.63178,,0.12807,,,Sub-Saharan Africa,144.0,3.763,3.672,3.854,0.42214,0.03824,0.04952,2.30637,
,,,,,,,0.24353,,2016,Burkina Faso,,,,,,0.63054,,0.3337,,,Sub-Saharan Africa,145.0,3.739,3.647,3.831,0.31995,0.21297,0.12533,1.87319,
,,,,,,,0.27102,,2016,Uganda,,,,,,0.90981,,0.43653,,,Sub-Saharan Africa,145.0,3.739,3.629,3.849,0.34719,0.19625,0.06442,1.51416,
,,,,,,,0.09821,,2016,Yemen,,,,,,0.47493,,0.2287,,,Middle East and Northern Africa,147.0,3.724,3.621,3.827,0.57939,0.31048,0.05892,1.97295,
,,,,,,,0.2204,,2016,Madagascar,,,,,,0.46115,,0.13684,,,Sub-Saharan Africa,148.0,3.695,3.621,3.769,0.27954,0.37109,0.07506,2.15075,
,,,,,,,0.31472,,2016,Tanzania,,,,,,0.77623,,0.3176,,,Sub-Saharan Africa,149.0,3.666,3.561,3.771,0.47155,0.357,0.05099,1.37769,
,,,,,,,0.24063,,2016,Liberia,,,,,,0.50353,,0.25748,,,Sub-Saharan Africa,150.0,3.622,3.463,3.781,0.10706,0.23165,0.04852,2.23284,
,,,,,,,0.29914,,2016,Guinea,,,,,,0.3109,,0.30953,,,Sub-Saharan Africa,151.0,3.607,3.533,3.681,0.22415,0.18829,0.1192,2.15604,
,,,,,,,0.23552,,2016,Rwanda,,,,,,0.61586,,0.5432,,,Sub-Saharan Africa,152.0,3.515,3.444,3.586,0.32846,0.31865,0.50521,0.96819,
,,,,,,,0.2018,,2016,Benin,,,,,,0.10419,,0.39747,,,Sub-Saharan Africa,153.0,3.484,3.404,3.564,0.39499,0.21028,0.06681,2.10812,
,,,,,,,0.31268,,2016,Afghanistan,,,,,,0.11037,,0.1643,,,Southern Asia,154.0,3.36,3.288,3.432,0.38227,0.17344,0.07112,2.14558,
,,,,,,,0.17517,,2016,Togo,,,,,,0.0,,0.34678,,,Sub-Saharan Africa,155.0,3.303,3.192,3.414,0.28123,0.24811,0.11587,2.1354,
,,,,,,,0.48397,,2016,Syria,,,,,,0.14866,,0.06912,,,Middle East and Northern Africa,156.0,3.069,2.936,3.202,0.74719,0.62994,0.17233,0.81789,
,,,,,,,0.2029,,2016,Burundi,,,,,,0.23442,,0.0432,,,Sub-Saharan Africa,157.0,2.905,2.732,3.078,0.06831,0.15747,0.09419,2.10404,
,,,,,,,0.29678,,2015,Switzerland,,,,,,1.34951,,0.66557,,,Western Europe,1.0,7.587,,,1.39651,0.94143,0.41978,2.51738,0.03411
,,,,,,,0.4363,,2015,Iceland,,,,,,1.40223,,0.62877,,,Western Europe,2.0,7.561,,,1.30232,0.94784,0.14145,2.70201,0.04884
,,,,,,,0.34139,,2015,Denmark,,,,,,1.36058,,0.64938,,,Western Europe,3.0,7.527,,,1.32548,0.87464,0.48357,2.49204,0.03328
,,,,,,,0.34699,,2015,Norway,,,,,,1.33095,,0.66973,,,Western Europe,4.0,7.522,,,1.459,0.88521,0.36503,2.46531,0.0388
,,,,,,,0.45811,,2015,Canada,,,,,,1.32261,,0.63297,,,North America,5.0,7.427,,,1.32629,0.90563,0.32957,2.45176,0.03553
,,,,,,,0.23351,,2015,Finland,,,,,,1.31826,,0.64169,,,Western Europe,6.0,7.406,,,1.29025,0.88911,0.41372,2.61955,0.0314
,,,,,,,0.4761,,2015,Netherlands,,,,,,1.28017,,0.61576,,,Western Europe,7.0,7.378,,,1.32944,0.89284,0.31814,2.4657,0.02799
,,,,,,,0.36262,,2015,Sweden,,,,,,1.28907,,0.6598,,,Western Europe,8.0,7.364,,,1.33171,0.91087,0.43844,2.37119,0.03157
,,,,,,,0.47501,,2015,New Zealand,,,,,,1.31967,,0.63938,,,Australia and New Zealand,9.0,7.286,,,1.25018,0.90837,0.42922,2.26425,0.03371
,,,,,,,0.43562,,2015,Australia,,,,,,1.30923,,0.65124,,,Australia and New Zealand,10.0,7.284,,,1.33358,0.93156,0.35637,2.26646,0.04083
,,,,,,,0.33172,,2015,Israel,,,,,,1.22393,,0.41319,,,Middle East and Northern Africa,11.0,7.278,,,1.22857,0.91387,0.07785,3.08854,0.0347
,,,,,,,0.25497,,2015,Costa Rica,,,,,,1.23788,,0.63376,,,Latin America and Caribbean,12.0,7.226,,,0.95578,0.86027,0.10583,3.17728,0.04454
,,,,,,,0.33088,,2015,Austria,,,,,,1.29704,,0.62433,,,Western Europe,13.0,7.2,,,1.33723,0.89042,0.18676,2.5332,0.03751
,,,,,,,0.14074,,2015,Mexico,,,,,,0.91451,,0.48181,,,Latin America and Caribbean,14.0,7.187,,,1.02054,0.81444,0.21312,3.60214,0.04176
,,,,,,,0.40105,,2015,United States,,,,,,1.24711,,0.54604,,,North America,15.0,7.119,,,1.39451,0.86179,0.1589,2.51011,0.03839
,,,,,,,0.14574,,2015,Brazil,,,,,,1.23287,,0.49049,,,Latin America and Caribbean,16.0,6.983,,,0.98124,0.69702,0.17521,3.26001,0.04076
,,,,,,,0.28034,,2015,Luxembourg,,,,,,1.21963,,0.61583,,,Western Europe,17.0,6.946,,,1.56391,0.91894,0.37798,1.96961,0.03499
,,,,,,,0.45901,,2015,Ireland,,,,,,1.36948,,0.61777,,,Western Europe,18.0,6.94,,,1.33596,0.89533,0.28703,1.9757,0.03676
,,,,,,,0.2225,,2015,Belgium,,,,,,1.28566,,0.5845,,,Western Europe,19.0,6.937,,,1.30782,0.89667,0.2254,2.41484,0.03595
,,,,,,,0.26428,,2015,United Arab Emirates,,,,,,1.12575,,0.64157,,,Middle East and Northern Africa,20.0,6.901,,,1.42727,0.80925,0.38583,2.24743,0.03729
,,,,,,,0.51912,,2015,United Kingdom,,,,,,1.28548,,0.59625,,,Western Europe,21.0,6.867,,,1.26637,0.90943,0.32067,1.96994,0.01866
,,,,,,,0.21542,,2015,Oman,,,,,,1.08182,,0.63274,,,Middle East and Northern Africa,22.0,6.853,,,1.36011,0.76276,0.32524,2.47489,0.05335
,,,,,,,0.05841,,2015,Venezuela,,,,,,1.25596,,0.42908,,,Latin America and Caribbean,23.0,6.81,,,1.04424,0.72052,0.11069,3.19131,0.06476
,,,,,,,0.31105,,2015,Singapore,,,,,,1.02,,0.54252,,,Southeastern Asia,24.0,6.798,,,1.52186,1.02525,0.4921,1.88501,0.0378
,,,,,,,0.24434,,2015,Panama,,,,,,1.1985,,0.5421,,,Latin America and Caribbean,25.0,6.786,,,1.06353,0.79661,0.0927,2.84848,0.0491
,,,,,,,0.28214,,2015,Germany,,,,,,1.29937,,0.61477,,,Western Europe,26.0,6.75,,,1.32792,0.89186,0.21843,2.11569,0.01848
,,,,,,,0.33363,,2015,Chile,,,,,,1.12447,,0.44132,,,Latin America and Caribbean,27.0,6.67,,,1.10715,0.85857,0.12869,2.67585,0.058
,,,,,,,0.32573,,2015,Qatar,,,,,,1.0786,,0.6404,,,Middle East and Northern Africa,28.0,6.611,,,1.69042,0.79733,0.52208,1.55674,0.06257
,,,,,,,0.12332,,2015,France,,,,,,1.26038,,0.55011,,,Western Europe,29.0,6.575,,,1.27778,0.94579,0.20646,2.21126,0.03512
,,,,,,,0.11451,,2015,Argentina,,,,,,1.24823,,0.44974,,,Latin America and Caribbean,30.0,6.574,,,1.05351,0.78723,0.08484,2.836,0.04612
,,,,,,,0.10686,,2015,Czech Republic,,,,,,1.20643,,0.46364,,,Central and Eastern Europe,31.0,6.505,,,1.17898,0.84483,0.02652,2.67782,0.04168
,,,,,,,0.2324,,2015,Uruguay,,,,,,1.2089,,0.60362,,,Latin America and Caribbean,32.0,6.485,,,1.06166,0.8116,0.24558,2.32142,0.04539
,,,,,,,0.18401,,2015,Colombia,,,,,,1.24018,,0.53466,,,Latin America and Caribbean,33.0,6.477,,,0.91861,0.69077,0.0512,2.85737,0.05051
,,,,,,,0.5763,,2015,Thailand,,,,,,1.26504,,0.55664,,,Southeastern Asia,34.0,6.455,,,0.9669,0.7385,0.03187,2.31945,0.03557
,,,,,,,0.13706,,2015,Saudi Arabia,,,,,,1.08393,,0.31048,,,Middle East and Northern Africa,35.0,6.411,,,1.39541,0.72025,0.32524,2.43872,0.04633
,,,,,,,0.18227,,2015,Spain,,,,,,1.31379,,0.45951,,,Western Europe,36.0,6.329,,,1.23011,0.95562,0.06398,2.12367,0.03468
,,,,,,,0.51752,,2015,Malta,,,,,,1.30203,,0.60365,,,Western Europe,37.0,6.302,,,1.2074,0.88721,0.13586,1.6488,0.04206
,,,,,,,0.25376,,2015,Taiwan,,,,,,1.07617,,0.3974,,,Eastern Asia,38.0,6.298,,,1.29098,0.8753,0.08129,2.32323,0.03868
,,,,,,,0.16228,,2015,Kuwait,,,,,,1.16594,,0.55499,,,Middle East and Northern Africa,39.0,6.295,,,1.55422,0.72492,0.25609,1.87634,0.04456
,,,,,,,0.16991,,2015,Suriname,,,,,,0.972,,0.59657,,,Latin America and Caribbean,40.0,6.269,,,0.99534,0.6082,0.13633,2.79094,0.09811
,,,,,,,0.31844,,2015,Trinidad and Tobago,,,,,,1.18354,,0.55884,,,Latin America and Caribbean,41.0,6.168,,,1.21183,0.61483,0.0114,2.26882,0.10895
,,,,,,,0.10692,,2015,El Salvador,,,,,,1.02507,,0.4035,,,Latin America and Caribbean,42.0,6.13,,,0.76454,0.67737,0.11776,3.035,0.05618
,,,,,,,0.27489,,2015,Guatemala,,,,,,1.04356,,0.57733,,,Latin America and Caribbean,43.0,6.123,,,0.74553,0.64425,0.09472,2.74255,0.05224
,,,,,,,0.22837,,2015,Uzbekistan,,,,,,1.34043,,0.65821,,,Central and Eastern Europe,44.0,6.003,,,0.63244,0.59772,0.30826,2.23741,0.04361
,,,,,,,0.16893,,2015,Slovakia,,,,,,1.26999,,0.31751,,,Central and Eastern Europe,45.0,5.995,,,1.16891,0.78902,0.03431,2.24639,0.04267
,,,,,,,0.10705,,2015,Japan,,,,,,1.25712,,0.49615,,,Eastern Asia,46.0,5.987,,,1.27074,0.99111,0.1806,1.68435,0.03581
,,,,,,,0.18557,,2015,South Korea,,,,,,0.95774,,0.33208,,,Eastern Asia,47.0,5.984,,,1.24461,0.96538,0.07857,2.21978,0.04098
,,,,,,,0.11541,,2015,Ecuador,,,,,,0.99903,,0.48574,,,Latin America and Caribbean,48.0,5.975,,,0.86402,0.79075,0.1809,2.53942,0.04528
,,,,,,,0.17362,,2015,Bahrain,,,,,,1.21624,,0.45492,,,Middle East and Northern Africa,49.0,5.96,,,1.32376,0.74716,0.306,1.73797,0.05412
,,,,,,,0.22823,,2015,Italy,,,,,,1.19777,,0.26236,,,Western Europe,50.0,5.948,,,1.25114,0.95446,0.02901,2.02518,0.03914
,,,,,,,0.20536,,2015,Bolivia,,,,,,0.97841,,0.57414,,,Latin America and Caribbean,51.0,5.89,,,0.68133,0.5392,0.088,2.82334,0.05642
,,,,,,,0.20951,,2015,Moldova,,,,,,1.01528,,0.32818,,,Central and Eastern Europe,52.0,5.889,,,0.59448,0.61826,0.01615,3.10712,0.03799
,,,,,,,0.3424,,2015,Paraguay,,,,,,1.30477,,0.53899,,,Latin America and Caribbean,53.0,5.878,,,0.75985,0.66098,0.08242,2.18896,0.04563
,,,,,,,0.11827,,2015,Kazakhstan,,,,,,1.12241,,0.51649,,,Central and Eastern Europe,54.0,5.855,,,1.12254,0.64368,0.08454,2.24729,0.04114
,,,,,,,0.25328,,2015,Slovenia,,,,,,1.27385,,0.60855,,,Central and Eastern Europe,55.0,5.848,,,1.18498,0.87337,0.03787,1.61583,0.04251
,,,,,,,0.02641,,2015,Lithuania,,,,,,1.25745,,0.21342,,,Central and Eastern Europe,56.0,5.833,,,1.14723,0.73128,0.01031,2.44649,0.03843
,,,,,,,0.27815,,2015,Nicaragua,,,,,,1.14184,,0.55475,,,Latin America and Caribbean,57.0,5.828,,,0.59325,0.74314,0.19317,2.32407,0.05371
,,,,,,,0.14982,,2015,Peru,,,,,,0.97459,,0.41496,,,Latin America and Caribbean,58.0,5.824,,,0.90019,0.73017,0.05989,2.5945,0.04615
,,,,,,,0.11046,,2015,Belarus,,,,,,1.23289,,0.37938,,,Central and Eastern Europe,59.0,5.813,,,1.03192,0.73608,0.1909,2.1309,0.03938
,,,,,,,0.16759,,2015,Poland,,,,,,1.27948,,0.53122,,,Central and Eastern Europe,60.0,5.791,,,1.12555,0.77903,0.04212,1.86565,0.04263
,,,,,,,0.33075,,2015,Malaysia,,,,,,1.07023,,0.53024,,,Southeastern Asia,61.0,5.77,,,1.12486,0.72394,0.10501,1.88541,0.0433
,,,,,,,0.05444,,2015,Croatia,,,,,,0.79624,,0.25883,,,Central and Eastern Europe,62.0,5.759,,,1.08254,0.78805,0.0243,2.75414,0.04394
,,,,,,,0.18295,,2015,Libya,,,,,,1.11862,,0.41668,,,Middle East and Northern Africa,63.0,5.754,,,1.13145,0.7038,0.11023,2.09066,0.07832
,,,,,,,0.00199,,2015,Russia,,,,,,1.23617,,0.36679,,,Central and Eastern Europe,64.0,5.716,,,1.13764,0.66926,0.03005,2.27394,0.03135
,,,,,,,0.2123,,2015,Jamaica,,,,,,1.15102,,0.50442,,,Latin America and Caribbean,65.0,5.709,,,0.81038,0.68741,0.02299,2.32038,0.13693
,,,,,,,0.26169,,2015,North Cyprus,,,,,,1.07008,,0.49027,,,Western Europe,66.0,5.695,,,1.20806,0.92356,0.1428,1.59888,0.05635
,,,,,,,0.30638,,2015,Cyprus,,,,,,0.89318,,0.40672,,,Western Europe,67.0,5.689,,,1.20813,0.92356,0.06146,1.88931,0.0558
,,,,,,,0.07822,,2015,Algeria,,,,,,1.07772,,0.28579,,,Middle East and Northern Africa,68.0,5.605,,,0.93929,0.61766,0.17383,2.43209,0.05099
,,,,,,,0.2831,,2015,Kosovo,,,,,,0.81198,,0.24749,,,Central and Eastern Europe,69.0,5.589,,,0.80148,0.63132,0.04741,2.76579,0.05018
,,,,,,,0.16979,,2015,Turkmenistan,,,,,,1.22668,,0.4761,,,Central and Eastern Europe,70.0,5.548,,,0.95847,0.53886,0.30844,1.86984,0.04175
,,,,,,,0.37744,,2015,Mauritius,,,,,,0.98521,,0.56066,,,Sub-Saharan Africa,71.0,5.477,,,1.00761,0.7095,0.07521,1.76145,0.07197
,,,,,,,0.39478,,2015,Hong Kong,,,,,,1.05818,,0.59608,,,Eastern Asia,72.0,5.474,,,1.38604,1.01328,0.37124,0.65429,0.05051
,,,,,,,0.0868,,2015,Estonia,,,,,,1.22791,,0.44888,,,Central and Eastern Europe,73.0,5.429,,,1.15174,0.77361,0.15184,1.58782,0.04013
,,,,,,,0.51535,,2015,Indonesia,,,,,,1.08708,,0.46611,,,Southeastern Asia,74.0,5.399,,,0.82827,0.63793,0.0,1.86399,0.02596
,,,,,,,0.1686,,2015,Vietnam,,,,,,0.91226,,0.59444,,,Southeastern Asia,75.0,5.36,,,0.63216,0.74676,0.10441,2.20173,0.03107
,,,,,,,0.12253,,2015,Turkey,,,,,,0.94632,,0.22815,,,Middle East and Northern Africa,76.0,5.332,,,1.06098,0.73172,0.15746,2.08528,0.03864
,,,,,,,0.3003,,2015,Kyrgyzstan,,,,,,1.15115,,0.43477,,,Central and Eastern Europe,77.0,5.286,,,0.47428,0.65088,0.04232,2.2327,0.03823
,,,,,,,0.27233,,2015,Nigeria,,,,,,0.90432,,0.34334,,,Sub-Saharan Africa,78.0,5.268,,,0.65435,0.16007,0.0403,2.89319,0.04192
,,,,,,,0.47998,,2015,Bhutan,,,,,,1.10395,,0.53206,,,Southern Asia,79.0,5.253,,,0.77042,0.57407,0.15445,1.63794,0.03225
,,,,,,,0.07799,,2015,Azerbaijan,,,,,,0.93793,,0.3703,,,Central and Eastern Europe,80.0,5.212,,,1.02389,0.64045,0.16065,2.00073,0.03363
,,,,,,,0.33671,,2015,Pakistan,,,,,,0.41411,,0.12102,,,Southern Asia,81.0,5.194,,,0.59543,0.51466,0.10464,3.10709,0.03726
,,,,,,,0.11053,,2015,Jordan,,,,,,1.05392,,0.40661,,,Middle East and Northern Africa,82.0,5.192,,,0.90198,0.69639,0.14293,1.87996,0.04524
,,,,,,,0.1614,,2015,Montenegro,,,,,,0.90557,,0.1826,,,Central and Eastern Europe,82.0,5.192,,,0.97438,0.72521,0.14296,2.10017,0.05235
,,,,,,,0.08185,,2015,China,,,,,,0.94675,,0.51697,,,Eastern Asia,84.0,5.14,,,0.89012,0.81658,0.02781,1.8604,0.02424
,,,,,,,0.19591,,2015,Zambia,,,,,,0.91612,,0.48827,,,Sub-Saharan Africa,85.0,5.129,,,0.47038,0.29924,0.12468,2.6343,0.06988
,,,,,,,0.13748,,2015,Romania,,,,,,0.88588,,0.35068,,,Central and Eastern Europe,86.0,5.124,,,1.04345,0.7689,0.00649,1.93129,0.06607
,,,,,,,0.19231,,2015,Serbia,,,,,,1.00964,,0.20107,,,Central and Eastern Europe,87.0,5.123,,,0.92053,0.74836,0.02617,2.025,0.04864
,,,,,,,0.13719,,2015,Portugal,,,,,,1.13935,,0.51469,,,Western Europe,88.0,5.102,,,1.15991,0.87519,0.01078,1.26462,0.04802
,,,,,,,0.18226,,2015,Latvia,,,,,,1.09562,,0.29671,,,Central and Eastern Europe,89.0,5.098,,,1.11312,0.72437,0.06332,1.62215,0.0464
,,,,,,,0.24991,,2015,Philippines,,,,,,1.03516,,0.62545,,,Southeastern Asia,90.0,5.073,,,0.70532,0.58114,0.12279,1.7536,0.04934
,,,,,,,0.50318,,2015,Somaliland region,,,,,,0.95152,,0.46582,,,Sub-Saharan Africa,91.0,5.057,,,0.18847,0.43873,0.39928,2.11032,0.06161
,,,,,,,0.07172,,2015,Morocco,,,,,,0.64095,,0.41691,,,Middle East and Northern Africa,92.0,5.013,,,0.73479,0.60954,0.08546,2.45373,0.0342
,,,,,,,0.22359,,2015,Macedonia,,,,,,1.00232,,0.33457,,,Central and Eastern Europe,93.0,5.007,,,0.91851,0.73545,0.05327,1.73933,0.05376
,,,,,,,0.22269,,2015,Mozambique,,,,,,1.02626,,0.34037,,,Sub-Saharan Africa,94.0,4.971,,,0.08308,0.09131,0.15603,3.05137,0.07896
,,,,,,,0.14272,,2015,Albania,,,,,,0.80434,,0.35733,,,Central and Eastern Europe,95.0,4.959,,,0.87867,0.81325,0.06413,1.89894,0.05013
,,,,,,,0.24808,,2015,Bosnia and Herzegovina,,,,,,0.91916,,0.09245,,,Central and Eastern Europe,96.0,4.949,,,0.83223,0.79081,0.00227,2.06367,0.06913
,,,,,,,0.16388,,2015,Lesotho,,,,,,1.04103,,0.31767,,,Sub-Saharan Africa,97.0,4.898,,,0.37545,0.07612,0.12504,2.79832,0.09438
,,,,,,,0.21684,,2015,Dominican Republic,,,,,,1.17202,,0.57672,,,Latin America and Caribbean,98.0,4.885,,,0.89537,0.66825,0.14234,1.21305,0.07446
,,,,,,,0.42192,,2015,Laos,,,,,,0.73803,,0.59591,,,Southeastern Asia,99.0,4.876,,,0.59066,0.54909,0.24249,1.73799,0.06698
,,,,,,,0.3323,,2015,Mongolia,,,,,,1.3006,,0.43626,,,Eastern Asia,100.0,4.874,,,0.82819,0.60268,0.02666,1.34759,0.03313
,,,,,,,0.18259,,2015,Swaziland,,,,,,1.07284,,0.30658,,,Sub-Saharan Africa,101.0,4.867,,,0.71206,0.07566,0.0306,2.48676,0.08742
,,,,,,,0.0,,2015,Greece,,,,,,0.92933,,0.07699,,,Western Europe,102.0,4.857,,,1.15406,0.88213,0.01397,1.80101,0.05062
,,,,,,,0.21854,,2015,Lebanon,,,,,,0.80001,,0.33916,,,Middle East and Northern Africa,103.0,4.839,,,1.02564,0.83947,0.04582,1.57059,0.04337
,,,,,,,0.128,,2015,Hungary,,,,,,1.20215,,0.32112,,,Central and Eastern Europe,104.0,4.8,,,1.12094,0.75905,0.02758,1.24074,0.06107
,,,,,,,0.23027,,2015,Honduras,,,,,,0.95348,,0.40148,,,Latin America and Caribbean,105.0,4.788,,,0.59532,0.6951,0.06825,1.84408,0.05648
,,,,,,,0.22974,,2015,Tajikistan,,,,,,0.85563,,0.47216,,,Central and Eastern Europe,106.0,4.786,,,0.39047,0.57379,0.15072,2.11399,0.03198
,,,,,,,0.06431,,2015,Tunisia,,,,,,0.60429,,0.26268,,,Middle East and Northern Africa,107.0,4.739,,,0.88113,0.73793,0.06358,2.12466,0.03589
,,,,,,,0.11251,,2015,Palestinian Territories,,,,,,0.92558,,0.24499,,,Middle East and Northern Africa,108.0,4.715,,,0.59867,0.66015,0.12905,2.04384,0.04394
,,,,,,,0.21222,,2015,Bangladesh,,,,,,0.43106,,0.4082,,,Southern Asia,109.0,4.694,,,0.39753,0.60164,0.12569,2.51767,0.03077
,,,,,,,0.38086,,2015,Iran,,,,,,0.54447,,0.30033,,,Middle East and Northern Africa,110.0,4.686,,,1.0088,0.69805,0.05863,1.6944,0.04449
,,,,,,,0.15275,,2015,Ukraine,,,,,,1.20278,,0.25123,,,Central and Eastern Europe,111.0,4.681,,,0.79907,0.6739,0.02961,1.5714,0.04412
,,,,,,,0.17922,,2015,Iraq,,,,,,0.81889,,0.0,,,Middle East and Northern Africa,112.0,4.677,,,0.98549,0.60237,0.13788,1.95335,0.05232
,,,,,,,0.11973,,2015,South Africa,,,,,,1.18468,,0.33207,,,Sub-Saharan Africa,113.0,4.642,,,0.92049,0.27688,0.08884,1.71956,0.04585
,,,,,,,0.23087,,2015,Ghana,,,,,,0.67954,,0.42342,,,Sub-Saharan Africa,114.0,4.633,,,0.54558,0.40132,0.04355,2.30919,0.04742
,,,,,,,0.18987,,2015,Zimbabwe,,,,,,1.03276,,0.25861,,,Sub-Saharan Africa,115.0,4.61,,,0.271,0.33475,0.08079,2.44191,0.0429
,,,,,,,0.24362,,2015,Liberia,,,,,,0.78968,,0.28531,,,Sub-Saharan Africa,116.0,4.571,,,0.0712,0.34201,0.06232,2.77729,0.11068
,,,,,,,0.26475,,2015,India,,,,,,0.38174,,0.39786,,,Southern Asia,117.0,4.565,,,0.64499,0.51529,0.08492,2.27513,0.02043
,,,,,,,0.19062,,2015,Sudan,,,,,,1.01404,,0.10081,,,Sub-Saharan Africa,118.0,4.55,,,0.52107,0.36878,0.1466,2.20857,0.0674
,,,,,,,0.46187,,2015,Haiti,,,,,,0.74302,,0.24425,,,Latin America and Caribbean,119.0,4.518,,,0.26673,0.38847,0.17175,2.24173,0.07331
,,,,,,,0.24834,,2015,Congo (Kinshasa),,,,,,1.0012,,0.22605,,,Sub-Saharan Africa,120.0,4.517,,,0.0,0.09806,0.07625,2.86712,0.0368
,,,,,,,0.32296,,2015,Nepal,,,,,,0.86449,,0.38282,,,Southern Asia,121.0,4.514,,,0.35997,0.56874,0.05907,1.95637,0.03607
,,,,,,,0.24325,,2015,Ethiopia,,,,,,0.60406,,0.4345,,,Sub-Saharan Africa,122.0,4.512,,,0.19073,0.44055,0.15048,2.44876,0.0378
,,,,,,,0.21488,,2015,Sierra Leone,,,,,,0.95571,,0.4084,,,Sub-Saharan Africa,123.0,4.507,,,0.33024,0.0,0.08786,2.51009,0.07068
,,,,,,,0.219,,2015,Mauritania,,,,,,0.86908,,0.24232,,,Sub-Saharan Africa,124.0,4.436,,,0.45407,0.35874,0.17461,2.11773,0.03947
,,,,,,,0.37542,,2015,Kenya,,,,,,0.99876,,0.42215,,,Sub-Saharan Africa,125.0,4.419,,,0.36471,0.41435,0.05839,1.78555,0.04734
,,,,,,,0.18093,,2015,Djibouti,,,,,,0.59207,,0.46074,,,Sub-Saharan Africa,126.0,4.369,,,0.44025,0.36291,0.28105,2.05125,0.08096
,,,,,,,0.07855,,2015,Armenia,,,,,,0.77711,,0.19847,,,Central and Eastern Europe,127.0,4.35,,,0.76821,0.7299,0.039,1.75873,0.04763
,,,,,,,0.10461,,2015,Botswana,,,,,,1.10464,,0.49495,,,Sub-Saharan Africa,128.0,4.332,,,0.99355,0.04776,0.12474,1.46181,0.04934
,,,,,,,0.79588,,2015,Myanmar,,,,,,0.70905,,0.44017,,,Southeastern Asia,129.0,4.307,,,0.27108,0.48246,0.19034,1.41805,0.04351
,,,,,,,0.05547,,2015,Georgia,,,,,,0.38562,,0.40577,,,Central and Eastern Europe,130.0,4.297,,,0.7419,0.72926,0.38331,1.59541,0.04221
,,,,,,,0.33128,,2015,Malawi,,,,,,0.41134,,0.43054,,,Sub-Saharan Africa,131.0,4.292,,,0.01604,0.22562,0.06977,2.80791,0.0613
,,,,,,,0.40828,,2015,Sri Lanka,,,,,,1.01905,,0.53726,,,Southern Asia,132.0,4.271,,,0.83524,0.70806,0.09179,0.67108,0.03751
,,,,,,,0.20618,,2015,Cameroon,,,,,,0.88767,,0.49309,,,Sub-Saharan Africa,133.0,4.252,,,0.4225,0.23402,0.05786,1.95071,0.04678
,,,,,,,0.11921,,2015,Bulgaria,,,,,,1.10614,,0.30587,,,Central and Eastern Europe,134.0,4.218,,,1.01216,0.76649,0.00872,0.89991,0.04828
,,,,,,,0.11291,,2015,Egypt,,,,,,0.747,,0.17288,,,Middle East and Northern Africa,135.0,4.194,,,0.8818,0.61712,0.06324,1.59927,0.0326
,,,,,,,0.09131,,2015,Yemen,,,,,,0.68093,,0.35571,,,Middle East and Northern Africa,136.0,4.077,,,0.54649,0.40064,0.07854,1.92313,0.04367
,,,,,,,0.12344,,2015,Angola,,,,,,0.8604,,0.10384,,,Sub-Saharan Africa,137.0,4.033,,,0.75778,0.16683,0.07122,1.94939,0.04758
,,,,,,,0.18798,,2015,Mali,,,,,,1.03526,,0.38857,,,Sub-Saharan Africa,138.0,3.995,,,0.26074,0.20583,0.12352,1.79293,0.05602
,,,,,,,0.12388,,2015,Congo (Brazzaville),,,,,,0.6629,,0.41466,,,Sub-Saharan Africa,139.0,3.989,,,0.67866,0.31051,0.11686,1.68135,0.06682
,,,,,,,0.17441,,2015,Comoros,,,,,,0.79273,,0.22917,,,Sub-Saharan Africa,140.0,3.956,,,0.23906,0.36315,0.199,1.95812,0.04797
,,,,,,,0.29066,,2015,Uganda,,,,,,1.13299,,0.45727,,,Sub-Saharan Africa,141.0,3.931,,,0.21102,0.33861,0.07267,1.42766,0.04317
,,,,,,,0.20843,,2015,Senegal,,,,,,0.97619,,0.36772,,,Sub-Saharan Africa,142.0,3.904,,,0.36498,0.4354,0.10713,1.44395,0.03608
,,,,,,,0.06822,,2015,Gabon,,,,,,0.90528,,0.31914,,,Sub-Saharan Africa,143.0,3.896,,,1.06024,0.43372,0.11091,0.99895,0.04547
,,,,,,,0.19387,,2015,Niger,,,,,,0.77265,,0.47692,,,Sub-Saharan Africa,144.0,3.845,,,0.0694,0.29707,0.15639,1.87877,0.03602
,,,,,,,0.40359,,2015,Cambodia,,,,,,0.62736,,0.66246,,,Southeastern Asia,145.0,3.819,,,0.46038,0.61114,0.07247,0.98195,0.05069
,,,,,,,0.34377,,2015,Tanzania,,,,,,1.00268,,0.32878,,,Sub-Saharan Africa,146.0,3.781,,,0.2852,0.38215,0.05747,1.38079,0.05061
,,,,,,,0.21333,,2015,Madagascar,,,,,,0.66801,,0.19184,,,Sub-Saharan Africa,147.0,3.681,,,0.20824,0.46721,0.08124,1.851,0.03633
,,,,,,,0.23835,,2015,Central African Republic,,,,,,0.0,,0.48879,,,Sub-Saharan Africa,148.0,3.678,,,0.0785,0.06699,0.08289,2.7223,0.06112
,,,,,,,0.18386,,2015,Chad,,,,,,0.76062,,0.23501,,,Sub-Saharan Africa,149.0,3.667,,,0.34193,0.1501,0.05269,1.94296,0.0383
,,,,,,,0.28657,,2015,Guinea,,,,,,0.46475,,0.37725,,,Sub-Saharan Africa,150.0,3.656,,,0.17417,0.24009,0.12139,1.99172,0.0359
,,,,,,,0.20165,,2015,Ivory Coast,,,,,,0.77115,,0.46866,,,Sub-Saharan Africa,151.0,3.655,,,0.46534,0.15185,0.17922,1.41723,0.05141
,,,,,,,0.21747,,2015,Burkina Faso,,,,,,0.85188,,0.39493,,,Sub-Saharan Africa,152.0,3.587,,,0.25812,0.27125,0.12832,1.46494,0.04324
,,,,,,,0.3651,,2015,Afghanistan,,,,,,0.30285,,0.23414,,,Southern Asia,153.0,3.575,,,0.31982,0.30335,0.09719,1.9521,0.03084
,,,,,,,0.22628,,2015,Rwanda,,,,,,0.7737,,0.59201,,,Sub-Saharan Africa,154.0,3.465,,,0.22208,0.42864,0.55191,0.67042,0.03464
,,,,,,,0.1826,,2015,Benin,,,,,,0.35386,,0.4845,,,Sub-Saharan Africa,155.0,3.34,,,0.28665,0.3191,0.0801,1.63328,0.03656
,,,,,,,0.47179,,2015,Syria,,,,,,0.47489,,0.15684,,,Middle East and Northern Africa,156.0,3.006,,,0.6632,0.72193,0.18906,0.32858,0.05015
,,,,,,,0.19727,,2015,Burundi,,,,,,0.41587,,0.1185,,,Sub-Saharan Africa,157.0,2.905,,,0.0153,0.22396,0.10062,1.83302,0.08658
,,,,,,,0.16681,,2015,Togo,,,,,,0.13995,,0.36453,,,Sub-Saharan Africa,158.0,2.839,,,0.20868,0.28443,0.10731,1.56726,0.06727
1.0,Finland,7.769,1.34,1.587,0.986,0.596,0.153,0.393,2019,,,,,,,,,,,,,,,,,,,,,
2.0,Denmark,7.6,1.383,1.573,0.996,0.592,0.252,0.41,2019,,,,,,,,,,,,,,,,,,,,,
3.0,Norway,7.554,1.488,1.582,1.028,0.603,0.271,0.341,2019,,,,,,,,,,,,,,,,,,,,,
4.0,Iceland,7.494,1.38,1.624,1.026,0.591,0.354,0.118,2019,,,,,,,,,,,,,,,,,,,,,
5.0,Netherlands,7.488,1.396,1.522,0.999,0.557,0.322,0.298,2019,,,,,,,,,,,,,,,,,,,,,
6.0,Switzerland,7.48,1.452,1.526,1.052,0.572,0.263,0.343,2019,,,,,,,,,,,,,,,,,,,,,
7.0,Sweden,7.343,1.387,1.487,1.009,0.574,0.267,0.373,2019,,,,,,,,,,,,,,,,,,,,,
8.0,New Zealand,7.307,1.303,1.557,1.026,0.585,0.33,0.38,2019,,,,,,,,,,,,,,,,,,,,,
9.0,Canada,7.278,1.365,1.505,1.039,0.584,0.285,0.308,2019,,,,,,,,,,,,,,,,,,,,,
10.0,Austria,7.246,1.376,1.475,1.016,0.532,0.244,0.226,2019,,,,,,,,,,,,,,,,,,,,,
11.0,Australia,7.228,1.372,1.548,1.036,0.557,0.332,0.29,2019,,,,,,,,,,,,,,,,,,,,,
12.0,Costa Rica,7.167,1.034,1.441,0.963,0.558,0.144,0.093,2019,,,,,,,,,,,,,,,,,,,,,
13.0,Israel,7.139,1.276,1.455,1.029,0.371,0.261,0.082,2019,,,,,,,,,,,,,,,,,,,,,
14.0,Luxembourg,7.09,1.609,1.479,1.012,0.526,0.194,0.316,2019,,,,,,,,,,,,,,,,,,,,,
15.0,United Kingdom,7.054,1.333,1.538,0.996,0.45,0.348,0.278,2019,,,,,,,,,,,,,,,,,,,,,
16.0,Ireland,7.021,1.499,1.553,0.999,0.516,0.298,0.31,2019,,,,,,,,,,,,,,,,,,,,,
17.0,Germany,6.985,1.373,1.454,0.987,0.495,0.261,0.265,2019,,,,,,,,,,,,,,,,,,,,,
18.0,Belgium,6.923,1.356,1.504,0.986,0.473,0.16,0.21,2019,,,,,,,,,,,,,,,,,,,,,
19.0,United States,6.892,1.433,1.457,0.874,0.454,0.28,0.128,2019,,,,,,,,,,,,,,,,,,,,,
20.0,Czech Republic,6.852,1.269,1.487,0.92,0.457,0.046,0.036,2019,,,,,,,,,,,,,,,,,,,,,
21.0,United Arab Emirates,6.825,1.503,1.31,0.825,0.598,0.262,0.182,2019,,,,,,,,,,,,,,,,,,,,,
22.0,Malta,6.726,1.3,1.52,0.999,0.564,0.375,0.151,2019,,,,,,,,,,,,,,,,,,,,,
23.0,Mexico,6.595,1.07,1.323,0.861,0.433,0.074,0.073,2019,,,,,,,,,,,,,,,,,,,,,
24.0,France,6.592,1.324,1.472,1.045,0.436,0.111,0.183,2019,,,,,,,,,,,,,,,,,,,,,
25.0,Taiwan,6.446,1.368,1.43,0.914,0.351,0.242,0.097,2019,,,,,,,,,,,,,,,,,,,,,
26.0,Chile,6.444,1.159,1.369,0.92,0.357,0.187,0.056,2019,,,,,,,,,,,,,,,,,,,,,
27.0,Guatemala,6.436,0.8,1.269,0.746,0.535,0.175,0.078,2019,,,,,,,,,,,,,,,,,,,,,
28.0,Saudi Arabia,6.375,1.403,1.357,0.795,0.439,0.08,0.132,2019,,,,,,,,,,,,,,,,,,,,,
29.0,Qatar,6.374,1.684,1.313,0.871,0.555,0.22,0.167,2019,,,,,,,,,,,,,,,,,,,,,
30.0,Spain,6.354,1.286,1.484,1.062,0.362,0.153,0.079,2019,,,,,,,,,,,,,,,,,,,,,
31.0,Panama,6.321,1.149,1.442,0.91,0.516,0.109,0.054,2019,,,,,,,,,,,,,,,,,,,,,
32.0,Brazil,6.3,1.004,1.439,0.802,0.39,0.099,0.086,2019,,,,,,,,,,,,,,,,,,,,,
33.0,Uruguay,6.293,1.124,1.465,0.891,0.523,0.127,0.15,2019,,,,,,,,,,,,,,,,,,,,,
34.0,Singapore,6.262,1.572,1.463,1.141,0.556,0.271,0.453,2019,,,,,,,,,,,,,,,,,,,,,
35.0,El Salvador,6.253,0.794,1.242,0.789,0.43,0.093,0.074,2019,,,,,,,,,,,,,,,,,,,,,
36.0,Italy,6.223,1.294,1.488,1.039,0.231,0.158,0.03,2019,,,,,,,,,,,,,,,,,,,,,
37.0,Bahrain,6.199,1.362,1.368,0.871,0.536,0.255,0.11,2019,,,,,,,,,,,,,,,,,,,,,
38.0,Slovakia,6.198,1.246,1.504,0.881,0.334,0.121,0.014,2019,,,,,,,,,,,,,,,,,,,,,
39.0,Trinidad & Tobago,6.192,1.231,1.477,0.713,0.489,0.185,0.016,2019,,,,,,,,,,,,,,,,,,,,,
40.0,Poland,6.182,1.206,1.438,0.884,0.483,0.117,0.05,2019,,,,,,,,,,,,,,,,,,,,,
41.0,Uzbekistan,6.174,0.745,1.529,0.756,0.631,0.322,0.24,2019,,,,,,,,,,,,,,,,,,,,,
42.0,Lithuania,6.149,1.238,1.515,0.818,0.291,0.043,0.042,2019,,,,,,,,,,,,,,,,,,,,,
43.0,Colombia,6.125,0.985,1.41,0.841,0.47,0.099,0.034,2019,,,,,,,,,,,,,,,,,,,,,
44.0,Slovenia,6.118,1.258,1.523,0.953,0.564,0.144,0.057,2019,,,,,,,,,,,,,,,,,,,,,
45.0,Nicaragua,6.105,0.694,1.325,0.835,0.435,0.2,0.127,2019,,,,,,,,,,,,,,,,,,,,,
46.0,Kosovo,6.1,0.882,1.232,0.758,0.489,0.262,0.006,2019,,,,,,,,,,,,,,,,,,,,,
47.0,Argentina,6.086,1.092,1.432,0.881,0.471,0.066,0.05,2019,,,,,,,,,,,,,,,,,,,,,
48.0,Romania,6.07,1.162,1.232,0.825,0.462,0.083,0.005,2019,,,,,,,,,,,,,,,,,,,,,
49.0,Cyprus,6.046,1.263,1.223,1.042,0.406,0.19,0.041,2019,,,,,,,,,,,,,,,,,,,,,
50.0,Ecuador,6.028,0.912,1.312,0.868,0.498,0.126,0.087,2019,,,,,,,,,,,,,,,,,,,,,
51.0,Kuwait,6.021,1.5,1.319,0.808,0.493,0.142,0.097,2019,,,,,,,,,,,,,,,,,,,,,
52.0,Thailand,6.008,1.05,1.409,0.828,0.557,0.359,0.028,2019,,,,,,,,,,,,,,,,,,,,,
53.0,Latvia,5.94,1.187,1.465,0.812,0.264,0.075,0.064,2019,,,,,,,,,,,,,,,,,,,,,
54.0,South Korea,5.895,1.301,1.219,1.036,0.159,0.175,0.056,2019,,,,,,,,,,,,,,,,,,,,,
55.0,Estonia,5.893,1.237,1.528,0.874,0.495,0.103,0.161,2019,,,,,,,,,,,,,,,,,,,,,
56.0,Jamaica,5.89,0.831,1.478,0.831,0.49,0.107,0.028,2019,,,,,,,,,,,,,,,,,,,,,
57.0,Mauritius,5.888,1.12,1.402,0.798,0.498,0.215,0.06,2019,,,,,,,,,,,,,,,,,,,,,
58.0,Japan,5.886,1.327,1.419,1.088,0.445,0.069,0.14,2019,,,,,,,,,,,,,,,,,,,,,
59.0,Honduras,5.86,0.642,1.236,0.828,0.507,0.246,0.078,2019,,,,,,,,,,,,,,,,,,,,,
60.0,Kazakhstan,5.809,1.173,1.508,0.729,0.41,0.146,0.096,2019,,,,,,,,,,,,,,,,,,,,,
61.0,Bolivia,5.779,0.776,1.209,0.706,0.511,0.137,0.064,2019,,,,,,,,,,,,,,,,,,,,,
62.0,Hungary,5.758,1.201,1.41,0.828,0.199,0.081,0.02,2019,,,,,,,,,,,,,,,,,,,,,
63.0,Paraguay,5.743,0.855,1.475,0.777,0.514,0.184,0.08,2019,,,,,,,,,,,,,,,,,,,,,
64.0,Northern Cyprus,5.718,1.263,1.252,1.042,0.417,0.191,0.162,2019,,,,,,,,,,,,,,,,,,,,,
65.0,Peru,5.697,0.96,1.274,0.854,0.455,0.083,0.027,2019,,,,,,,,,,,,,,,,,,,,,
66.0,Portugal,5.693,1.221,1.431,0.999,0.508,0.047,0.025,2019,,,,,,,,,,,,,,,,,,,,,
67.0,Pakistan,5.653,0.677,0.886,0.535,0.313,0.22,0.098,2019,,,,,,,,,,,,,,,,,,,,,
68.0,Russia,5.648,1.183,1.452,0.726,0.334,0.082,0.031,2019,,,,,,,,,,,,,,,,,,,,,
69.0,Philippines,5.631,0.807,1.293,0.657,0.558,0.117,0.107,2019,,,,,,,,,,,,,,,,,,,,,
70.0,Serbia,5.603,1.004,1.383,0.854,0.282,0.137,0.039,2019,,,,,,,,,,,,,,,,,,,,,
71.0,Moldova,5.529,0.685,1.328,0.739,0.245,0.181,0.0,2019,,,,,,,,,,,,,,,,,,,,,
72.0,Libya,5.525,1.044,1.303,0.673,0.416,0.133,0.152,2019,,,,,,,,,,,,,,,,,,,,,
73.0,Montenegro,5.523,1.051,1.361,0.871,0.197,0.142,0.08,2019,,,,,,,,,,,,,,,,,,,,,
74.0,Tajikistan,5.467,0.493,1.098,0.718,0.389,0.23,0.144,2019,,,,,,,,,,,,,,,,,,,,,
75.0,Croatia,5.432,1.155,1.266,0.914,0.296,0.119,0.022,2019,,,,,,,,,,,,,,,,,,,,,
76.0,Hong Kong,5.43,1.438,1.277,1.122,0.44,0.258,0.287,2019,,,,,,,,,,,,,,,,,,,,,
77.0,Dominican Republic,5.425,1.015,1.401,0.779,0.497,0.113,0.101,2019,,,,,,,,,,,,,,,,,,,,,
78.0,Bosnia and Herzegovina,5.386,0.945,1.212,0.845,0.212,0.263,0.006,2019,,,,,,,,,,,,,,,,,,,,,
79.0,Turkey,5.373,1.183,1.36,0.808,0.195,0.083,0.106,2019,,,,,,,,,,,,,,,,,,,,,
80.0,Malaysia,5.339,1.221,1.171,0.828,0.508,0.26,0.024,2019,,,,,,,,,,,,,,,,,,,,,
81.0,Belarus,5.323,1.067,1.465,0.789,0.235,0.094,0.142,2019,,,,,,,,,,,,,,,,,,,,,
82.0,Greece,5.287,1.181,1.156,0.999,0.067,0.0,0.034,2019,,,,,,,,,,,,,,,,,,,,,
83.0,Mongolia,5.285,0.948,1.531,0.667,0.317,0.235,0.038,2019,,,,,,,,,,,,,,,,,,,,,
84.0,North Macedonia,5.274,0.983,1.294,0.838,0.345,0.185,0.034,2019,,,,,,,,,,,,,,,,,,,,,
85.0,Nigeria,5.265,0.696,1.111,0.245,0.426,0.215,0.041,2019,,,,,,,,,,,,,,,,,,,,,
86.0,Kyrgyzstan,5.261,0.551,1.438,0.723,0.508,0.3,0.023,2019,,,,,,,,,,,,,,,,,,,,,
87.0,Turkmenistan,5.247,1.052,1.538,0.657,0.394,0.244,0.028,2019,,,,,,,,,,,,,,,,,,,,,
88.0,Algeria,5.211,1.002,1.16,0.785,0.086,0.073,0.114,2019,,,,,,,,,,,,,,,,,,,,,
89.0,Morocco,5.208,0.801,0.782,0.782,0.418,0.036,0.076,2019,,,,,,,,,,,,,,,,,,,,,
90.0,Azerbaijan,5.208,1.043,1.147,0.769,0.351,0.035,0.182,2019,,,,,,,,,,,,,,,,,,,,,
91.0,Lebanon,5.197,0.987,1.224,0.815,0.216,0.166,0.027,2019,,,,,,,,,,,,,,,,,,,,,
92.0,Indonesia,5.192,0.931,1.203,0.66,0.491,0.498,0.028,2019,,,,,,,,,,,,,,,,,,,,,
93.0,China,5.191,1.029,1.125,0.893,0.521,0.058,0.1,2019,,,,,,,,,,,,,,,,,,,,,
94.0,Vietnam,5.175,0.741,1.346,0.851,0.543,0.147,0.073,2019,,,,,,,,,,,,,,,,,,,,,
95.0,Bhutan,5.082,0.813,1.321,0.604,0.457,0.37,0.167,2019,,,,,,,,,,,,,,,,,,,,,
96.0,Cameroon,5.044,0.549,0.91,0.331,0.381,0.187,0.037,2019,,,,,,,,,,,,,,,,,,,,,
97.0,Bulgaria,5.011,1.092,1.513,0.815,0.311,0.081,0.004,2019,,,,,,,,,,,,,,,,,,,,,
98.0,Ghana,4.996,0.611,0.868,0.486,0.381,0.245,0.04,2019,,,,,,,,,,,,,,,,,,,,,
99.0,Ivory Coast,4.944,0.569,0.808,0.232,0.352,0.154,0.09,2019,,,,,,,,,,,,,,,,,,,,,
100.0,Nepal,4.913,0.446,1.226,0.677,0.439,0.285,0.089,2019,,,,,,,,,,,,,,,,,,,,,
101.0,Jordan,4.906,0.837,1.225,0.815,0.383,0.11,0.13,2019,,,,,,,,,,,,,,,,,,,,,
102.0,Benin,4.883,0.393,0.437,0.397,0.349,0.175,0.082,2019,,,,,,,,,,,,,,,,,,,,,
103.0,Congo (Brazzaville),4.812,0.673,0.799,0.508,0.372,0.105,0.093,2019,,,,,,,,,,,,,,,,,,,,,
104.0,Gabon,4.799,1.057,1.183,0.571,0.295,0.043,0.055,2019,,,,,,,,,,,,,,,,,,,,,
105.0,Laos,4.796,0.764,1.03,0.551,0.547,0.266,0.164,2019,,,,,,,,,,,,,,,,,,,,,
106.0,South Africa,4.722,0.96,1.351,0.469,0.389,0.13,0.055,2019,,,,,,,,,,,,,,,,,,,,,
107.0,Albania,4.719,0.947,0.848,0.874,0.383,0.178,0.027,2019,,,,,,,,,,,,,,,,,,,,,
108.0,Venezuela,4.707,0.96,1.427,0.805,0.154,0.064,0.047,2019,,,,,,,,,,,,,,,,,,,,,
109.0,Cambodia,4.7,0.574,1.122,0.637,0.609,0.232,0.062,2019,,,,,,,,,,,,,,,,,,,,,
110.0,Palestinian Territories,4.696,0.657,1.247,0.672,0.225,0.103,0.066,2019,,,,,,,,,,,,,,,,,,,,,
111.0,Senegal,4.681,0.45,1.134,0.571,0.292,0.153,0.072,2019,,,,,,,,,,,,,,,,,,,,,
112.0,Somalia,4.668,0.0,0.698,0.268,0.559,0.243,0.27,2019,,,,,,,,,,,,,,,,,,,,,
113.0,Namibia,4.639,0.879,1.313,0.477,0.401,0.07,0.056,2019,,,,,,,,,,,,,,,,,,,,,
114.0,Niger,4.628,0.138,0.774,0.366,0.318,0.188,0.102,2019,,,,,,,,,,,,,,,,,,,,,
115.0,Burkina Faso,4.587,0.331,1.056,0.38,0.255,0.177,0.113,2019,,,,,,,,,,,,,,,,,,,,,
116.0,Armenia,4.559,0.85,1.055,0.815,0.283,0.095,0.064,2019,,,,,,,,,,,,,,,,,,,,,
117.0,Iran,4.548,1.1,0.842,0.785,0.305,0.27,0.125,2019,,,,,,,,,,,,,,,,,,,,,
118.0,Guinea,4.534,0.38,0.829,0.375,0.332,0.207,0.086,2019,,,,,,,,,,,,,,,,,,,,,
119.0,Georgia,4.519,0.886,0.666,0.752,0.346,0.043,0.164,2019,,,,,,,,,,,,,,,,,,,,,
120.0,Gambia,4.516,0.308,0.939,0.428,0.382,0.269,0.167,2019,,,,,,,,,,,,,,,,,,,,,
121.0,Kenya,4.509,0.512,0.983,0.581,0.431,0.372,0.053,2019,,,,,,,,,,,,,,,,,,,,,
122.0,Mauritania,4.49,0.57,1.167,0.489,0.066,0.106,0.088,2019,,,,,,,,,,,,,,,,,,,,,
123.0,Mozambique,4.466,0.204,0.986,0.39,0.494,0.197,0.138,2019,,,,,,,,,,,,,,,,,,,,,
124.0,Tunisia,4.461,0.921,1.0,0.815,0.167,0.059,0.055,2019,,,,,,,,,,,,,,,,,,,,,
125.0,Bangladesh,4.456,0.562,0.928,0.723,0.527,0.166,0.143,2019,,,,,,,,,,,,,,,,,,,,,
126.0,Iraq,4.437,1.043,0.98,0.574,0.241,0.148,0.089,2019,,,,,,,,,,,,,,,,,,,,,
127.0,Congo (Kinshasa),4.418,0.094,1.125,0.357,0.269,0.212,0.053,2019,,,,,,,,,,,,,,,,,,,,,
128.0,Mali,4.39,0.385,1.105,0.308,0.327,0.153,0.052,2019,,,,,,,,,,,,,,,,,,,,,
129.0,Sierra Leone,4.374,0.268,0.841,0.242,0.309,0.252,0.045,2019,,,,,,,,,,,,,,,,,,,,,
130.0,Sri Lanka,4.366,0.949,1.265,0.831,0.47,0.244,0.047,2019,,,,,,,,,,,,,,,,,,,,,
131.0,Myanmar,4.36,0.71,1.181,0.555,0.525,0.566,0.172,2019,,,,,,,,,,,,,,,,,,,,,
132.0,Chad,4.35,0.35,0.766,0.192,0.174,0.198,0.078,2019,,,,,,,,,,,,,,,,,,,,,
133.0,Ukraine,4.332,0.82,1.39,0.739,0.178,0.187,0.01,2019,,,,,,,,,,,,,,,,,,,,,
134.0,Ethiopia,4.286,0.336,1.033,0.532,0.344,0.209,0.1,2019,,,,,,,,,,,,,,,,,,,,,
135.0,Swaziland,4.212,0.811,1.149,0.0,0.313,0.074,0.135,2019,,,,,,,,,,,,,,,,,,,,,
136.0,Uganda,4.189,0.332,1.069,0.443,0.356,0.252,0.06,2019,,,,,,,,,,,,,,,,,,,,,
137.0,Egypt,4.166,0.913,1.039,0.644,0.241,0.076,0.067,2019,,,,,,,,,,,,,,,,,,,,,
138.0,Zambia,4.107,0.578,1.058,0.426,0.431,0.247,0.087,2019,,,,,,,,,,,,,,,,,,,,,
139.0,Togo,4.085,0.275,0.572,0.41,0.293,0.177,0.085,2019,,,,,,,,,,,,,,,,,,,,,
140.0,India,4.015,0.755,0.765,0.588,0.498,0.2,0.085,2019,,,,,,,,,,,,,,,,,,,,,
141.0,Liberia,3.975,0.073,0.922,0.443,0.37,0.233,0.033,2019,,,,,,,,,,,,,,,,,,,,,
142.0,Comoros,3.973,0.274,0.757,0.505,0.142,0.275,0.078,2019,,,,,,,,,,,,,,,,,,,,,
143.0,Madagascar,3.933,0.274,0.916,0.555,0.148,0.169,0.041,2019,,,,,,,,,,,,,,,,,,,,,
144.0,Lesotho,3.802,0.489,1.169,0.168,0.359,0.107,0.093,2019,,,,,,,,,,,,,,,,,,,,,
145.0,Burundi,3.775,0.046,0.447,0.38,0.22,0.176,0.18,2019,,,,,,,,,,,,,,,,,,,,,
146.0,Zimbabwe,3.663,0.366,1.114,0.433,0.361,0.151,0.089,2019,,,,,,,,,,,,,,,,,,,,,
147.0,Haiti,3.597,0.323,0.688,0.449,0.026,0.419,0.11,2019,,,,,,,,,,,,,,,,,,,,,
148.0,Botswana,3.488,1.041,1.145,0.538,0.455,0.025,0.1,2019,,,,,,,,,,,,,,,,,,,,,
149.0,Syria,3.462,0.619,0.378,0.44,0.013,0.331,0.141,2019,,,,,,,,,,,,,,,,,,,,,
150.0,Malawi,3.41,0.191,0.56,0.495,0.443,0.218,0.089,2019,,,,,,,,,,,,,,,,,,,,,
151.0,Yemen,3.38,0.287,1.163,0.463,0.143,0.108,0.077,2019,,,,,,,,,,,,,,,,,,,,,
152.0,Rwanda,3.334,0.359,0.711,0.614,0.555,0.217,0.411,2019,,,,,,,,,,,,,,,,,,,,,
153.0,Tanzania,3.231,0.476,0.885,0.499,0.417,0.276,0.147,2019,,,,,,,,,,,,,,,,,,,,,
154.0,Afghanistan,3.203,0.35,0.517,0.361,0.0,0.158,0.025,2019,,,,,,,,,,,,,,,,,,,,,
155.0,Central African Republic,3.083,0.026,0.0,0.105,0.225,0.235,0.035,2019,,,,,,,,,,,,,,,,,,,,,
156.0,South Sudan,2.853,0.306,0.575,0.295,0.01,0.202,0.091,2019,,,,,,,,,,,,,,,,,,,,,
